year,month,day,region,iso_country_code,total_visits,total_devices_seen,total_home_visits,total_home_visitors
2018,1,1,ALL,"",22622698,10384200,11183950,8002066
2018,1,1,ALL_CA,CA,1,1,1,1
2018,1,1,ALL_US,US,22622697,10384199,11183949,8002065
2018,1,1,ak,US,28690,15470,14905,11565
2018,1,1,al,US,370443,193053,222863,159699
2018,1,1,ar,US,215744,107514,124350,87838
2018,1,1,as,US,33,25,27,24
2018,1,1,az,US,450671,198522,209861,150159
2018,1,1,bc,CA,1,1,1,1
2018,1,1,ca,US,2727465,1122439,1154591,819644
2018,1,1,co,US,403760,177657,171561,125384
2018,1,1,ct,US,189593,95281,100544,70968
2018,1,1,dc,US,108776,49353,30274,21740
2018,1,1,de,US,56132,29286,28114,20369
2018,1,1,fl,US,2238754,946678,943578,664022
2018,1,1,ga,US,839667,370373,402901,284652
2018,1,1,gu,US,3886,1782,2080,1216
2018,1,1,hi,US,111535,42025,35545,25371
2018,1,1,ia,US,199732,109658,120699,88476
2018,1,1,id,US,87643,43620,47210,34100
2018,1,1,il,US,801212,399058,415699,301311
2018,1,1,in,US,403101,206324,229674,164754
2018,1,1,ks,US,221582,112598,127590,91442
2018,1,1,ky,US,273749,138270,152389,109060
2018,1,1,la,US,356209,172529,183149,131145
2018,1,1,ma,US,354801,178912,174949,125622
2018,1,1,md,US,416712,197841,195591,139437
2018,1,1,me,US,58122,31393,33354,24673
2018,1,1,mi,US,592111,305178,344058,247996
2018,1,1,mn,US,333479,165159,180968,129965
2018,1,1,mo,US,425848,209928,232661,165739
2018,1,1,mp,US,397,211,392,210
2018,1,1,ms,US,188634,96444,106605,76357
2018,1,1,mt,US,52496,27436,28434,21256
2018,1,1,nc,US,726498,347459,393096,276869
2018,1,1,nd,US,47862,25079,26961,19707
2018,1,1,ne,US,135884,73441,80246,59047
2018,1,1,nh,US,75754,38327,39909,28409
2018,1,1,nj,US,602319,294590,310963,215001
2018,1,1,nm,US,99523,50287,47526,35475
2018,1,1,nv,US,329608,114407,97623,70387
2018,1,1,ny,US,1207993,589168,548816,397222
2018,1,1,oh,US,711194,365789,412481,295553
2018,1,1,ok,US,331282,170893,188979,137334
2018,1,1,or,US,226834,105620,109712,80350
2018,1,1,pa,US,702687,364625,372981,270186
2018,1,1,pr,US,47005,26028,25696,18362
2018,1,1,ri,US,57671,30107,28975,20895
2018,1,1,sc,US,326550,162726,177176,125614
2018,1,1,sd,US,48580,25728,28000,20350
2018,1,1,tn,US,480718,230628,248180,176641
2018,1,1,tx,US,2250306,1049062,1152371,826415
2018,1,1,ut,US,203417,86638,95230,65667
2018,1,1,va,US,558386,260378,276162,194671
2018,1,1,vi,US,292,192,0,0
2018,1,1,vt,US,29319,15899,14528,10844
2018,1,1,wa,US,428988,204656,211572,155957
2018,1,1,wi,US,357370,193994,211065,154598
2018,1,1,wv,US,95930,53703,55714,41598
2018,1,1,wy,US,29750,15786,15371,11413
2018,1,2,ALL,"",20120269,11352532,10564215,8895620
2018,1,2,ALL_CA,CA,1,1,1,1
2018,1,2,ALL_US,US,20120268,11352531,10564214,8895619
2018,1,2,ak,US,35743,18553,17361,14163
2018,1,2,al,US,346772,209745,209760,174350
2018,1,2,ar,US,190049,116195,113829,95481
2018,1,2,as,US,53,40,47,37
2018,1,2,az,US,397487,218105,205230,170805
2018,1,2,bc,CA,1,1,1,1
2018,1,2,ca,US,2613373,1248248,1152674,938750
2018,1,2,co,US,351133,190267,168586,141178
2018,1,2,ct,US,166193,101440,91949,78501
2018,1,2,dc,US,142119,59752,37205,26762
2018,1,2,de,US,52320,32110,27269,23463
2018,1,2,fl,US,1938551,1008056,875040,724872
2018,1,2,ga,US,680326,397189,371202,317248
2018,1,2,gu,US,3325,1652,1850,1316
2018,1,2,hi,US,113502,46894,38351,30288
2018,1,2,ia,US,182765,117260,112732,95891
2018,1,2,id,US,81635,48084,46995,39058
2018,1,2,il,US,710670,427585,384456,328819
2018,1,2,in,US,339402,217172,206114,176907
2018,1,2,ks,US,205746,123412,121118,100654
2018,1,2,ky,US,236507,148136,141806,119883
2018,1,2,la,US,314342,186682,174904,146681
2018,1,2,ma,US,329077,196144,164995,140949
2018,1,2,md,US,375181,212942,186138,156842
2018,1,2,me,US,51584,33657,32255,27386
2018,1,2,mi,US,507446,328447,314984,270805
2018,1,2,mn,US,306646,180962,171006,143523
2018,1,2,mo,US,368333,226115,213984,182100
2018,1,2,mp,US,356,234,355,234
2018,1,2,ms,US,169610,102811,98192,82775
2018,1,2,mt,US,51323,29745,28381,23551
2018,1,2,nc,US,617324,380386,363453,308152
2018,1,2,nd,US,46859,28138,26649,22350
2018,1,2,ne,US,129255,77374,74674,62394
2018,1,2,nh,US,60391,39355,35963,31156
2018,1,2,nj,US,495649,308350,271976,235100
2018,1,2,nm,US,91675,55455,49451,41567
2018,1,2,nv,US,264060,116514,97240,80317
2018,1,2,ny,US,1041867,631860,521940,451315
2018,1,2,oh,US,616409,393333,375771,321885
2018,1,2,ok,US,307200,182760,176016,146832
2018,1,2,or,US,215498,117496,110199,92500
2018,1,2,pa,US,605837,385242,346868,299754
2018,1,2,pr,US,55008,33538,31614,26329
2018,1,2,ri,US,51276,31782,27895,23561
2018,1,2,sc,US,282780,175124,168074,142027
2018,1,2,sd,US,45722,27563,26370,21990
2018,1,2,tn,US,393725,240252,225815,192140
2018,1,2,tx,US,2005593,1149773,1090532,919679
2018,1,2,ut,US,171180,93913,90129,73685
2018,1,2,va,US,478461,281800,256902,217863
2018,1,2,vi,US,233,161,0,0
2018,1,2,vt,US,24264,15574,13796,11782
2018,1,2,wa,US,426709,232312,213252,178750
2018,1,2,wi,US,322131,202877,193859,164056
2018,1,2,wv,US,81974,55283,51738,44423
2018,1,2,wy,US,27619,16669,15270,12740
2018,1,3,ALL,"",34037413,12187082,13933367,9209031
2018,1,3,ALL_CA,CA,4,2,4,2
2018,1,3,ALL_US,US,34037409,12187080,13933363,9209029
2018,1,3,ak,US,43185,18246,18413,13496
2018,1,3,al,US,620429,228247,278396,180669
2018,1,3,ar,US,344884,125445,152354,97267
2018,1,3,as,US,53,33,45,31
2018,1,3,az,US,633226,229421,253754,172228
2018,1,3,bc,CA,2,1,2,1
2018,1,3,ca,US,3826649,1284327,1370994,938393
2018,1,3,co,US,563015,199307,206818,140915
2018,1,3,ct,US,327574,116768,134140,84583
2018,1,3,dc,US,195688,74197,42715,28634
2018,1,3,de,US,96189,37730,39054,25696
2018,1,3,fl,US,3058755,1094137,1130544,758223
2018,1,3,ga,US,1218148,435483,508816,332763
2018,1,3,gu,US,4549,2153,2553,1745
2018,1,3,hi,US,150833,46047,42180,28857
2018,1,3,ia,US,312996,124472,147685,96304
2018,1,3,id,US,132052,50485,58014,38831
2018,1,3,il,US,1183493,458916,503792,339676
2018,1,3,in,US,608332,241759,281595,187062
2018,1,3,ks,US,344292,132308,157970,101988
2018,1,3,ky,US,423575,165410,191738,125109
2018,1,3,la,US,534561,198081,226805,149428
2018,1,3,ma,US,607101,221577,230260,148765
2018,1,3,md,US,639260,240831,256053,167543
2018,1,3,me,US,93751,38053,44197,29461
2018,1,3,mi,US,906398,361470,430848,286055
2018,1,3,mn,US,507306,188651,218790,142863
2018,1,3,mo,US,653580,246875,287004,187437
2018,1,3,mp,US,498,345,494,344
2018,1,3,ms,US,301274,112513,131981,85676
2018,1,3,mt,US,79152,30413,33564,22886
2018,1,3,nc,US,1154033,437224,525124,336092
2018,1,3,nd,US,74806,29321,33052,21685
2018,1,3,ne,US,210715,81402,96127,62893
2018,1,3,nh,US,121778,45237,51996,32783
2018,1,3,nj,US,982115,352027,408265,254390
2018,1,3,nm,US,145214,59406,60540,41793
2018,1,3,nv,US,373421,120317,114103,80118
2018,1,3,ny,US,1947076,706326,731790,478751
2018,1,3,oh,US,1114579,433688,518013,339059
2018,1,3,ok,US,526397,195955,230013,150214
2018,1,3,or,US,336967,122677,132866,91850
2018,1,3,pa,US,1122413,436318,489277,320933
2018,1,3,pr,US,89855,39233,42921,28554
2018,1,3,qc,CA,2,1,2,1
2018,1,3,ri,US,98555,37062,39314,25298
2018,1,3,sc,US,454887,193982,229140,151603
2018,1,3,sd,US,74885,28714,33500,21777
2018,1,3,tn,US,723651,266821,307749,201135
2018,1,3,tx,US,3485137,1222162,1410443,932413
2018,1,3,ut,US,291596,98381,117454,73723
2018,1,3,va,US,879782,321228,364422,232451
2018,1,3,vi,US,456,276,0,0
2018,1,3,vt,US,42686,17196,18125,12065
2018,1,3,wa,US,652969,239787,256756,177237
2018,1,3,wi,US,532206,216932,251073,168492
2018,1,3,wv,US,145790,64228,70858,48129
2018,1,3,wy,US,44642,17751,18876,12663
2018,1,4,ALL,"",30362002,11008427,12498390,8308766
2018,1,4,ALL_CA,CA,2,1,2,1
2018,1,4,ALL_US,US,30362000,11008427,12498388,8308765
2018,1,4,ak,US,43479,17537,18230,13177
2018,1,4,al,US,599250,209473,254436,161173
2018,1,4,ar,US,333383,114259,138448,86374
2018,1,4,as,US,60,38,50,36
2018,1,4,az,US,618764,212348,239379,158103
2018,1,4,ca,US,3848139,1244779,1363048,917493
2018,1,4,co,US,545303,184573,195980,130322
2018,1,4,ct,US,139128,90139,89615,72332
2018,1,4,dc,US,151807,62974,38418,26442
2018,1,4,de,US,48611,28073,28169,21703
2018,1,4,fl,US,2921850,959155,995292,641198
2018,1,4,ga,US,1205644,401118,481299,300879
2018,1,4,gu,US,5302,2235,2757,1756
2018,1,4,hi,US,146131,44057,40707,27785
2018,1,4,ia,US,300601,113161,134656,85914
2018,1,4,id,US,128115,47353,55088,36217
2018,1,4,il,US,1144535,421965,473496,311263
2018,1,4,in,US,584648,217996,257789,164904
2018,1,4,ks,US,334837,120965,145163,90550
2018,1,4,ky,US,400296,151366,175994,113156
2018,1,4,la,US,515677,180750,209085,133680
2018,1,4,ma,US,273052,167576,159018,126604
2018,1,4,md,US,480328,210659,214956,151593
2018,1,4,me,US,56413,31541,35650,26165
2018,1,4,mi,US,881860,329318,398643,256444
2018,1,4,mn,US,478421,168521,196644,125257
2018,1,4,mo,US,637167,226207,267065,168349
2018,1,4,mp,US,562,339,555,338
2018,1,4,ms,US,297986,105406,125038,79038
2018,1,4,mt,US,75118,27351,30547,20288
2018,1,4,nc,US,881009,361548,426386,285341
2018,1,4,nd,US,71067,26778,30061,19391
2018,1,4,ne,US,205035,76050,90415,57607
2018,1,4,nh,US,65553,35627,39150,28871
2018,1,4,nj,US,484113,287919,289754,225844
2018,1,4,nm,US,137685,54266,56034,37930
2018,1,4,nv,US,365078,114400,110988,76793
2018,1,4,ny,US,1240098,612140,593206,437751
2018,1,4,oh,US,1058756,395074,473911,303310
2018,1,4,ok,US,515688,181205,211991,134404
2018,1,4,or,US,333742,118852,130349,89353
2018,1,4,pa,US,872508,384727,418166,288790
2018,1,4,pr,US,87198,36880,39944,26406
2018,1,4,qc,CA,2,1,2,1
2018,1,4,ri,US,41063,27551,26307,21422
2018,1,4,sc,US,416203,169144,200676,131060
2018,1,4,sd,US,70667,25635,29724,18965
2018,1,4,tn,US,688567,244668,283903,182031
2018,1,4,tx,US,3374049,1116067,1302431,834806
2018,1,4,ut,US,285514,93058,112857,70068
2018,1,4,va,US,614529,273391,292851,205562
2018,1,4,vi,US,475,285,0,0
2018,1,4,vt,US,38515,16062,17379,11578
2018,1,4,wa,US,634379,228479,246651,169329
2018,1,4,wi,US,506711,195576,227695,148268
2018,1,4,wv,US,134859,58927,65106,44093
2018,1,4,wy,US,42472,16126,17238,11259
2018,1,5,ALL,"",33602996,11280428,12953675,8470923
2018,1,5,ALL_CA,CA,1,1,1,1
2018,1,5,ALL_US,US,33602995,11280427,12953674,8470922
2018,1,5,ak,US,45938,18249,18606,13490
2018,1,5,al,US,625480,204894,249397,156274
2018,1,5,ar,US,352886,114422,139106,86010
2018,1,5,as,US,60,40,48,34
2018,1,5,az,US,665020,219832,249072,163488
2018,1,5,bc,CA,1,1,1,1
2018,1,5,ca,US,4096377,1305811,1432534,960568
2018,1,5,co,US,572956,190074,203445,134812
2018,1,5,ct,US,264999,104471,115524,77642
2018,1,5,dc,US,185936,70716,41168,27835
2018,1,5,de,US,74592,31894,32523,22668
2018,1,5,fl,US,3057965,958632,1001455,643077
2018,1,5,ga,US,1304058,410495,490028,306318
2018,1,5,gu,US,5119,2090,2556,1589
2018,1,5,hi,US,158720,46606,43758,29686
2018,1,5,ia,US,314080,112133,133090,84529
2018,1,5,id,US,136732,48862,56586,36973
2018,1,5,il,US,1223559,435187,489796,321029
2018,1,5,in,US,621946,221703,260841,167407
2018,1,5,ks,US,359178,122902,147581,91612
2018,1,5,ky,US,417679,150798,173709,112084
2018,1,5,la,US,550994,185212,213066,135797
2018,1,5,ma,US,468492,193916,197037,136608
2018,1,5,md,US,602871,224189,235074,156361
2018,1,5,me,US,75221,31300,36167,24530
2018,1,5,mi,US,882097,326363,386251,255183
2018,1,5,mn,US,500226,169746,196917,125315
2018,1,5,mo,US,684238,231546,272828,171034
2018,1,5,mp,US,527,328,520,327
2018,1,5,ms,US,322040,109315,128045,80695
2018,1,5,mt,US,79023,27721,31164,20606
2018,1,5,nc,US,1043820,379753,448997,292894
2018,1,5,nd,US,73999,26476,29196,18810
2018,1,5,ne,US,215978,76443,90835,57785
2018,1,5,nh,US,105921,40231,45222,29331
2018,1,5,nj,US,832365,321501,359416,238028
2018,1,5,nm,US,147899,56326,58835,39469
2018,1,5,nv,US,394922,120757,116262,80290
2018,1,5,ny,US,1637042,651329,652817,455301
2018,1,5,oh,US,1064779,389834,459229,301477
2018,1,5,ok,US,536399,178286,208949,130599
2018,1,5,or,US,359986,124248,136763,92510
2018,1,5,pa,US,1005620,397435,433777,294118
2018,1,5,pr,US,84689,34415,37702,24603
2018,1,5,ri,US,72378,31562,32016,22328
2018,1,5,sc,US,486526,175986,209724,134098
2018,1,5,sd,US,73273,25616,29642,18763
2018,1,5,tn,US,737601,248804,288086,183375
2018,1,5,tx,US,3632075,1135469,1337590,848515
2018,1,5,ut,US,303168,95438,116303,71340
2018,1,5,va,US,734850,284477,309533,209173
2018,1,5,vi,US,464,266,0,0
2018,1,5,vt,US,35426,15357,16097,11065
2018,1,5,wa,US,676084,237361,256561,174158
2018,1,5,wi,US,521717,192379,223071,145158
2018,1,5,wv,US,132875,57483,61943,42861
2018,1,5,wy,US,44130,16290,17216,11292
2018,1,6,ALL,"",32045885,11193702,12890563,8416586
2018,1,6,ALL_CA,CA,3,1,3,1
2018,1,6,ALL_US,US,32045882,11193701,12890560,8416585
2018,1,6,ak,US,40051,17018,17525,12631
2018,1,6,al,US,565810,208008,248390,162524
2018,1,6,ar,US,302940,113684,135244,86990
2018,1,6,as,US,40,28,34,27
2018,1,6,az,US,635513,216476,249205,161121
2018,1,6,ca,US,3917465,1279993,1427692,931929
2018,1,6,co,US,542825,186941,202839,132500
2018,1,6,ct,US,283115,105957,121176,78013
2018,1,6,dc,US,148390,59146,38246,25371
2018,1,6,de,US,78446,32601,33447,22761
2018,1,6,fl,US,2949474,958846,1007764,648537
2018,1,6,ga,US,1222567,405735,479556,304538
2018,1,6,gu,US,4709,1985,2565,1521
2018,1,6,hi,US,150596,45779,43370,28655
2018,1,6,ia,US,285344,111830,128429,84433
2018,1,6,id,US,123567,48065,55774,36481
2018,1,6,il,US,1195799,432639,493867,320698
2018,1,6,in,US,593637,220816,257062,167219
2018,1,6,ks,US,317108,118614,141371,89937
2018,1,6,ky,US,383758,150268,171510,113526
2018,1,6,la,US,509502,182479,207974,133335
2018,1,6,ma,US,490896,195337,206377,137419
2018,1,6,md,US,594870,223222,232649,154914
2018,1,6,me,US,74583,32565,37419,25807
2018,1,6,mi,US,857621,325925,389494,256492
2018,1,6,mn,US,457829,164517,186388,121711
2018,1,6,mo,US,636561,228460,263523,168867
2018,1,6,mp,US,516,301,509,299
2018,1,6,ms,US,288247,107643,123508,79370
2018,1,6,mt,US,67162,26661,29143,19788
2018,1,6,nc,US,1013675,380272,446549,292809
2018,1,6,nd,US,62484,25549,26799,18259
2018,1,6,ne,US,198284,73874,86349,55647
2018,1,6,nh,US,106207,41203,45151,29220
2018,1,6,nj,US,873653,326172,371108,238629
2018,1,6,nm,US,132756,55054,57673,39069
2018,1,6,nv,US,388697,119471,117333,79034
2018,1,6,ny,US,1616701,649205,665814,456305
2018,1,6,oh,US,1059233,393515,468732,306336
2018,1,6,ok,US,472421,174883,201507,130814
2018,1,6,or,US,327045,121164,133254,89518
2018,1,6,pa,US,1020453,399884,440994,294719
2018,1,6,pr,US,55684,30861,34036,23837
2018,1,6,qc,CA,3,1,3,1
2018,1,6,ri,US,78615,33104,34537,23154
2018,1,6,sc,US,465872,176057,207007,134225
2018,1,6,sd,US,65715,24911,28021,18116
2018,1,6,tn,US,681542,246734,284355,183321
2018,1,6,tx,US,3401167,1119078,1321518,836503
2018,1,6,ut,US,273894,93352,114231,70689
2018,1,6,va,US,752727,286615,316419,210599
2018,1,6,vi,US,434,269,0,0
2018,1,6,vt,US,34176,15258,16122,11085
2018,1,6,wa,US,601252,226968,246026,166978
2018,1,6,wi,US,477822,191962,216848,146087
2018,1,6,wv,US,128260,57445,61737,43166
2018,1,6,wy,US,38172,15920,16390,11052
2018,1,7,ALL,"",28887438,11392598,13499954,8964730
2018,1,7,ALL_CA,CA,2,2,2,2
2018,1,7,ALL_US,US,28887436,11392596,13499952,8964728
2018,1,7,ak,US,35371,16410,17368,12537
2018,1,7,al,US,541326,218601,278829,178408
2018,1,7,ar,US,277290,119695,149207,96762
2018,1,7,as,US,44,28,36,25
2018,1,7,az,US,568498,219198,254155,169932
2018,1,7,bc,CA,1,1,1,1
2018,1,7,ca,US,3545586,1254139,1417292,941589
2018,1,7,co,US,484360,186439,206202,138396
2018,1,7,ct,US,244019,103844,120258,79427
2018,1,7,dc,US,132965,55995,37932,25166
2018,1,7,de,US,68945,31664,34003,23371
2018,1,7,fl,US,2726912,1006985,1091770,722745
2018,1,7,ga,US,1121469,414480,510541,325265
2018,1,7,gu,US,4592,2081,2632,1601
2018,1,7,hi,US,134872,45178,42294,28912
2018,1,7,ia,US,253892,115533,138098,92824
2018,1,7,id,US,104004,47318,56364,37750
2018,1,7,il,US,1045438,439868,512886,342615
2018,1,7,in,US,545084,234989,283447,188591
2018,1,7,ks,US,280510,120224,146258,96746
2018,1,7,ky,US,358389,157553,188762,125373
2018,1,7,la,US,455908,192226,225589,149613
2018,1,7,ma,US,442049,191945,206759,139422
2018,1,7,md,US,527300,218438,238494,158907
2018,1,7,me,US,68740,32867,38889,26935
2018,1,7,mi,US,783892,341815,423265,283129
2018,1,7,mn,US,421079,173437,206924,137326
2018,1,7,mo,US,502791,228992,270310,183342
2018,1,7,mp,US,521,305,518,303
2018,1,7,ms,US,262600,109999,134807,86360
2018,1,7,mt,US,59589,27274,30948,21535
2018,1,7,nc,US,901761,380933,462250,306416
2018,1,7,nd,US,58625,27320,30994,21273
2018,1,7,ne,US,183709,77225,93922,61853
2018,1,7,nh,US,93263,40290,45864,30312
2018,1,7,nj,US,766553,317153,370987,241102
2018,1,7,nm,US,117509,54300,58057,40588
2018,1,7,nv,US,335556,116291,115661,79769
2018,1,7,ny,US,1476367,632269,675537,459400
2018,1,7,oh,US,973632,412876,508878,336666
2018,1,7,ok,US,420736,182604,217548,145378
2018,1,7,or,US,280456,115287,127981,88095
2018,1,7,pa,US,926109,399327,454921,306790
2018,1,7,pr,US,73385,34017,39078,25834
2018,1,7,qc,CA,1,1,1,1
2018,1,7,ri,US,69656,32525,34669,23647
2018,1,7,sc,US,421890,178082,217584,142315
2018,1,7,sd,US,60604,26662,31610,20991
2018,1,7,tn,US,623759,252499,306210,199141
2018,1,7,tx,US,3053671,1175744,1420432,927018
2018,1,7,ut,US,212267,91116,112749,71868
2018,1,7,va,US,693139,287977,329564,219766
2018,1,7,vi,US,331,215,0,0
2018,1,7,vt,US,32102,15213,16389,11449
2018,1,7,wa,US,521205,221540,242216,169547
2018,1,7,wi,US,438040,200051,237688,161789
2018,1,7,wv,US,121995,59742,67512,47060
2018,1,7,wy,US,33081,15928,16814,11754
2018,1,8,ALL,"",32136651,10738940,12716802,8041196
2018,1,8,ALL_CA,CA,3,3,3,3
2018,1,8,ALL_US,US,32136648,10738937,12716799,8041193
2018,1,8,ak,US,41680,15053,15950,11042
2018,1,8,al,US,596834,211306,262703,162752
2018,1,8,ar,US,340479,114136,141941,86576
2018,1,8,as,US,56,35,46,30
2018,1,8,az,US,631199,201978,237094,150637
2018,1,8,bc,CA,2,2,2,2
2018,1,8,ca,US,3637455,1134411,1270837,829873
2018,1,8,co,US,523092,170772,189811,122843
2018,1,8,ct,US,276877,99134,117101,71716
2018,1,8,dc,US,192390,71280,40741,26249
2018,1,8,de,US,78398,30657,33816,21268
2018,1,8,fl,US,3169641,1002903,1106602,685472
2018,1,8,ga,US,1151038,391773,453578,290352
2018,1,8,gu,US,4780,2025,2496,1598
2018,1,8,hi,US,137932,38708,37033,24780
2018,1,8,ia,US,301112,106749,130354,80455
2018,1,8,id,US,126759,44495,53253,33924
2018,1,8,il,US,1166200,402239,473898,298070
2018,1,8,in,US,598803,215569,263310,164402
2018,1,8,ks,US,339796,119599,148264,90449
2018,1,8,ky,US,365873,144299,165316,108317
2018,1,8,la,US,519064,180180,213833,133822
2018,1,8,ma,US,520214,186056,199385,125003
2018,1,8,md,US,546615,209050,230368,144843
2018,1,8,me,US,78645,30946,36655,23756
2018,1,8,mi,US,909104,322368,404307,251319
2018,1,8,mn,US,489293,166733,200852,125016
2018,1,8,mo,US,624267,218828,262341,163389
2018,1,8,mp,US,484,321,476,320
2018,1,8,ms,US,299587,103481,123278,76137
2018,1,8,mt,US,72319,25863,29654,19467
2018,1,8,nc,US,1048647,371069,451298,280383
2018,1,8,nd,US,73291,26608,30630,19210
2018,1,8,ne,US,213292,74024,90554,56041
2018,1,8,nh,US,104474,38054,45347,27664
2018,1,8,nj,US,852602,301161,361745,218176
2018,1,8,nm,US,129166,47865,52376,34324
2018,1,8,nv,US,336807,101746,103013,68123
2018,1,8,ny,US,1726546,602739,645891,409659
2018,1,8,oh,US,934143,376319,442270,296033
2018,1,8,ok,US,518549,176615,213300,132608
2018,1,8,or,US,313141,102577,114021,74985
2018,1,8,pa,US,971007,377958,433918,276530
2018,1,8,pr,US,79715,33258,38340,23860
2018,1,8,qc,CA,1,1,1,1
2018,1,8,ri,US,81399,30590,33474,20811
2018,1,8,sc,US,489276,171022,209632,129305
2018,1,8,sd,US,73782,25649,30837,19206
2018,1,8,tn,US,656554,236661,278489,177739
2018,1,8,tx,US,3491845,1099865,1332087,827542
2018,1,8,ut,US,276357,86973,107885,65300
2018,1,8,va,US,727421,276729,312379,201343
2018,1,8,vi,US,347,229,0,0
2018,1,8,vt,US,37429,14370,15919,10209
2018,1,8,wa,US,604401,209166,225873,151546
2018,1,8,wi,US,496507,186423,225588,144197
2018,1,8,wv,US,119733,55451,60191,41850
2018,1,8,wy,US,40231,14939,16449,10672
2018,1,9,ALL,"",32387734,9873120,12204725,7446755
2018,1,9,ALL_CA,CA,1,1,1,1
2018,1,9,ALL_US,US,32387733,9873119,12204724,7446754
2018,1,9,ak,US,41707,14524,15782,10836
2018,1,9,al,US,621482,198659,254210,153311
2018,1,9,ar,US,338990,107639,135740,81536
2018,1,9,as,US,50,32,42,29
2018,1,9,az,US,637603,195985,234001,145900
2018,1,9,bc,CA,1,1,1,1
2018,1,9,ca,US,3613159,1070973,1235574,789350
2018,1,9,co,US,534599,161533,188009,117260
2018,1,9,ct,US,272960,87172,108496,63561
2018,1,9,dc,US,205634,69550,38597,24703
2018,1,9,de,US,74385,26744,29468,18427
2018,1,9,fl,US,3121898,932608,1066620,642860
2018,1,9,ga,US,1242116,361740,467471,269318
2018,1,9,gu,US,4633,1986,2455,1557
2018,1,9,hi,US,138316,37482,36158,24020
2018,1,9,ia,US,294831,99006,123980,75395
2018,1,9,id,US,126332,41973,51781,31971
2018,1,9,il,US,1165150,366229,454371,274589
2018,1,9,in,US,604978,195521,248821,148697
2018,1,9,ks,US,338449,112969,141096,85385
2018,1,9,ky,US,394909,133601,161932,99196
2018,1,9,la,US,516999,163997,201930,122814
2018,1,9,ma,US,498233,163181,183757,110684
2018,1,9,md,US,548143,185534,206632,128469
2018,1,9,me,US,75819,27174,33410,20794
2018,1,9,mi,US,908438,292967,383386,230018
2018,1,9,mn,US,486779,155891,192752,118256
2018,1,9,mo,US,625583,203493,250246,151929
2018,1,9,mp,US,478,317,468,314
2018,1,9,ms,US,299382,95360,116896,70205
2018,1,9,mt,US,72150,24658,28678,18586
2018,1,9,nc,US,1054086,335947,424084,253909
2018,1,9,nd,US,75601,25903,30530,18828
2018,1,9,ne,US,216026,70404,88831,53917
2018,1,9,nh,US,101029,34393,41954,24868
2018,1,9,nj,US,843519,268486,337702,197397
2018,1,9,nm,US,127772,44294,50180,31901
2018,1,9,nv,US,328900,94515,97323,63529
2018,1,9,ny,US,1692425,531104,601898,367923
2018,1,9,oh,US,1070567,345808,448003,267840
2018,1,9,ok,US,517277,167056,205347,126243
2018,1,9,or,US,310588,96574,110572,71684
2018,1,9,pa,US,1002442,332504,402251,244280
2018,1,9,pr,US,76392,30783,36500,22328
2018,1,9,ri,US,77876,26871,30600,18378
2018,1,9,sc,US,494166,155134,200002,117064
2018,1,9,sd,US,73467,24200,29497,18153
2018,1,9,tn,US,705686,218569,271855,163119
2018,1,9,tx,US,3488745,1026352,1283429,777851
2018,1,9,ut,US,272553,81414,105109,61984
2018,1,9,va,US,754839,251074,294679,181453
2018,1,9,vi,US,403,223,0,0
2018,1,9,vt,US,36227,12874,14762,9186
2018,1,9,wa,US,598543,197992,218480,144228
2018,1,9,wi,US,490034,171678,214163,133790
2018,1,9,wv,US,133778,50543,58130,36829
2018,1,9,wy,US,40607,14362,16084,10102
2018,1,10,ALL,"",32964757,10032734,12270307,7466932
2018,1,10,ALL_CA,CA,5,4,5,4
2018,1,10,ALL_US,US,32964752,10032731,12270302,7466928
2018,1,10,ak,US,41455,14767,15392,10621
2018,1,10,al,US,638698,201755,255503,153681
2018,1,10,ar,US,346267,110385,138004,82698
2018,1,10,as,US,45,34,38,31
2018,1,10,az,US,634682,192141,227832,141145
2018,1,10,bc,CA,3,3,3,3
2018,1,10,ca,US,3761095,1074132,1230951,775747
2018,1,10,co,US,533580,165038,187730,117851
2018,1,10,ct,US,273035,88383,108330,63914
2018,1,10,dc,US,211455,70899,39317,24913
2018,1,10,de,US,78919,27337,30427,18457
2018,1,10,fl,US,3141086,934548,1049014,631190
2018,1,10,ga,US,1254195,365905,458373,269301
2018,1,10,gu,US,4858,2045,2429,1561
2018,1,10,hi,US,133153,37646,36022,23767
2018,1,10,ia,US,309678,105044,131844,79275
2018,1,10,id,US,127774,42472,51786,31883
2018,1,10,il,US,1172157,372223,457345,276853
2018,1,10,in,US,615661,200920,252254,151162
2018,1,10,ks,US,353377,120327,150094,90593
2018,1,10,ky,US,406061,136001,163890,99496
2018,1,10,la,US,526339,167391,203390,123535
2018,1,10,ma,US,500724,165096,183088,110466
2018,1,10,md,US,574656,189512,210388,128492
2018,1,10,me,US,77061,27535,33920,20966
2018,1,10,mi,US,906215,299890,385235,233332
2018,1,10,mn,US,499323,165188,201327,124030
2018,1,10,mo,US,646663,208901,255575,154007
2018,1,10,mp,US,507,331,499,328
2018,1,10,ms,US,305060,96919,118442,70546
2018,1,10,mt,US,70264,24735,28490,18466
2018,1,10,nc,US,1066479,339002,423582,253229
2018,1,10,nd,US,76157,28630,33024,20532
2018,1,10,ne,US,238581,80571,99521,60641
2018,1,10,nh,US,102129,34848,42395,25105
2018,1,10,nj,US,853927,272415,340511,198380
2018,1,10,nm,US,129014,45693,50739,32115
2018,1,10,nv,US,347291,94999,98319,63018
2018,1,10,ny,US,1710700,538786,604540,369664
2018,1,10,oh,US,1090486,352447,451893,269786
2018,1,10,ok,US,531301,175076,210836,129632
2018,1,10,or,US,312253,97568,110772,71343
2018,1,10,pa,US,1024637,338860,406220,246379
2018,1,10,pr,US,77261,31512,35161,21945
2018,1,10,qc,CA,2,1,2,1
2018,1,10,ri,US,78348,27392,30544,18449
2018,1,10,sc,US,504851,158410,200312,117675
2018,1,10,sd,US,76010,26094,31689,19330
2018,1,10,tn,US,717597,222544,274644,164189
2018,1,10,tx,US,3521118,1042738,1290422,780628
2018,1,10,ut,US,270252,81386,103991,61009
2018,1,10,va,US,792898,255898,300819,181090
2018,1,10,vi,US,384,235,0,0
2018,1,10,vt,US,36396,13162,14803,9272
2018,1,10,wa,US,597940,197227,217266,141852
2018,1,10,wi,US,488919,176276,217543,136874
2018,1,10,wv,US,136016,50516,58027,36397
2018,1,10,wy,US,39764,14496,15800,10087
2018,1,11,ALL,"",32272406,10057669,12160751,7465486
2018,1,11,ALL_CA,CA,2,2,2,2
2018,1,11,ALL_US,US,32272404,10057667,12160749,7465484
2018,1,11,ak,US,43094,15412,16085,11055
2018,1,11,al,US,635198,204942,253986,154887
2018,1,11,ar,US,346139,116179,142555,86810
2018,1,11,as,US,48,31,39,29
2018,1,11,az,US,639915,192685,225782,140146
2018,1,11,bc,CA,2,2,2,2
2018,1,11,ca,US,3702021,1066741,1216694,769442
2018,1,11,co,US,533839,164033,184385,116036
2018,1,11,ct,US,269862,88223,106958,63114
2018,1,11,dc,US,210600,69784,38742,24423
2018,1,11,de,US,79612,27668,30390,18405
2018,1,11,fl,US,2968596,879320,1020508,612618
2018,1,11,ga,US,1226992,370648,453260,269114
2018,1,11,gu,US,4867,2048,2402,1540
2018,1,11,hi,US,136894,38053,36090,23889
2018,1,11,ia,US,244882,103175,121249,79399
2018,1,11,id,US,124798,42851,51246,31989
2018,1,11,il,US,1149376,377445,456376,276948
2018,1,11,in,US,634882,208029,256576,154387
2018,1,11,ks,US,267156,113794,131846,88403
2018,1,11,ky,US,423971,143711,169163,103652
2018,1,11,la,US,531389,175198,208359,128321
2018,1,11,ma,US,485066,159964,179636,108059
2018,1,11,md,US,574219,190542,210006,128152
2018,1,11,me,US,76759,27784,33456,20756
2018,1,11,mi,US,915002,305894,388006,235005
2018,1,11,mn,US,448555,161271,188680,120603
2018,1,11,mo,US,570411,213425,254460,159654
2018,1,11,mp,US,497,320,493,318
2018,1,11,ms,US,307068,101399,120999,73529
2018,1,11,mt,US,71759,25186,28886,18707
2018,1,11,nc,US,1042501,341926,421308,253622
2018,1,11,nd,US,68998,26284,29594,18967
2018,1,11,ne,US,176170,71543,83455,55441
2018,1,11,nh,US,101053,34937,41589,24769
2018,1,11,nj,US,846040,272334,335823,196506
2018,1,11,nm,US,128222,45174,49379,31550
2018,1,11,nv,US,346855,96750,97564,62919
2018,1,11,ny,US,1711271,540601,597935,365950
2018,1,11,oh,US,1110132,361370,454992,272972
2018,1,11,ok,US,513554,179751,211456,131930
2018,1,11,or,US,304643,98515,109895,71715
2018,1,11,pa,US,1029741,341889,405751,245563
2018,1,11,pr,US,78903,31912,36436,22324
2018,1,11,ri,US,77667,27170,30298,18209
2018,1,11,sc,US,494170,160412,198643,117736
2018,1,11,sd,US,69562,24580,29491,18488
2018,1,11,tn,US,736281,230375,278308,167763
2018,1,11,tx,US,3488840,1074952,1297744,792881
2018,1,11,ut,US,271211,81651,102220,60434
2018,1,11,va,US,796230,258602,301524,181524
2018,1,11,vi,US,394,226,0,0
2018,1,11,vt,US,36189,13232,14759,9295
2018,1,11,wa,US,567762,192465,212835,140767
2018,1,11,wi,US,475497,180243,218721,138094
2018,1,11,wv,US,136910,51627,58052,36670
2018,1,11,wy,US,40141,14508,15664,10005
2018,1,12,ALL,"",32974229,10046714,11972880,7327650
2018,1,12,ALL_CA,CA,2,2,2,2
2018,1,12,ALL_US,US,32974227,10046712,11972878,7327648
2018,1,12,ak,US,44676,15050,15806,10576
2018,1,12,al,US,628373,205968,252346,153376
2018,1,12,ar,US,340696,109799,132683,80649
2018,1,12,as,US,54,34,44,31
2018,1,12,az,US,683853,194112,226856,136757
2018,1,12,bc,CA,1,1,1,1
2018,1,12,ca,US,3922716,1080238,1236949,760691
2018,1,12,co,US,557685,165176,184564,113556
2018,1,12,ct,US,270451,90327,106382,63793
2018,1,12,dc,US,204703,67737,36753,23200
2018,1,12,de,US,80123,28351,29900,18337
2018,1,12,fl,US,3100640,907074,1017111,611297
2018,1,12,ga,US,1279630,377163,447986,265811
2018,1,12,gu,US,5169,2068,2433,1519
2018,1,12,hi,US,148650,38405,36741,23373
2018,1,12,ia,US,310513,103788,124512,76008
2018,1,12,id,US,132325,43036,51273,30926
2018,1,12,il,US,1176545,373825,442946,270444
2018,1,12,in,US,486151,196392,224230,149719
2018,1,12,ks,US,346895,115307,137808,83515
2018,1,12,ky,US,326299,137618,158229,103423
2018,1,12,la,US,545997,169469,198302,119937
2018,1,12,ma,US,486639,162695,178285,108678
2018,1,12,md,US,591446,193226,206798,126047
2018,1,12,me,US,78672,28658,33939,21220
2018,1,12,mi,US,850613,301584,363736,229949
2018,1,12,mn,US,499196,158754,185897,114658
2018,1,12,mo,US,634705,208151,243449,149214
2018,1,12,mp,US,503,319,497,316
2018,1,12,ms,US,284000,98406,114318,70820
2018,1,12,mt,US,74133,24955,28110,17822
2018,1,12,nc,US,1093932,352251,422144,254658
2018,1,12,nd,US,77053,26185,29105,18061
2018,1,12,ne,US,222128,73934,88768,54399
2018,1,12,nh,US,104861,36606,41452,25006
2018,1,12,nj,US,852873,277172,332916,195970
2018,1,12,nm,US,135953,45556,49732,30857
2018,1,12,nv,US,385094,100227,97954,61294
2018,1,12,ny,US,1704390,550032,594406,366543
2018,1,12,oh,US,949977,361670,444412,277042
2018,1,12,ok,US,532319,174739,203833,125484
2018,1,12,or,US,327746,99620,111357,70072
2018,1,12,pa,US,1037077,351803,407143,248551
2018,1,12,pr,US,76995,29508,33352,20362
2018,1,12,qc,CA,1,1,1,1
2018,1,12,ri,US,79373,28120,30314,18433
2018,1,12,sc,US,514631,164884,196470,116581
2018,1,12,sd,US,73985,24803,28955,17804
2018,1,12,tn,US,571833,221706,255050,165193
2018,1,12,tx,US,3688694,1047952,1267272,758591
2018,1,12,ut,US,278682,81176,100356,58515
2018,1,12,va,US,833165,265427,302413,181811
2018,1,12,vi,US,422,245,0,0
2018,1,12,vt,US,39509,15067,15373,9791
2018,1,12,wa,US,609820,194243,215435,137348
2018,1,12,wi,US,508353,177265,210300,132082
2018,1,12,wv,US,141770,54467,60106,37933
2018,1,12,wy,US,41541,14577,15377,9605
2018,1,13,ALL,"",30891739,9698981,11286017,6983521
2018,1,13,ALL_CA,CA,3,2,3,2
2018,1,13,ALL_US,US,30891736,9698979,11286014,6983519
2018,1,13,ak,US,38012,14830,14925,10296
2018,1,13,al,US,551644,192210,229315,144328
2018,1,13,ar,US,309753,106339,127297,78367
2018,1,13,as,US,42,28,31,26
2018,1,13,az,US,634332,188503,216548,130997
2018,1,13,bc,CA,1,1,1,1
2018,1,13,ca,US,3680756,1061714,1191151,725172
2018,1,13,co,US,525571,159915,175579,108018
2018,1,13,ct,US,265745,87969,102641,61039
2018,1,13,dc,US,155729,54886,32357,20200
2018,1,13,de,US,74688,27412,28298,17608
2018,1,13,fl,US,2932325,874554,957070,583543
2018,1,13,ga,US,1165558,352491,416987,252049
2018,1,13,gu,US,4990,2010,2555,1452
2018,1,13,hi,US,139333,37986,36731,22431
2018,1,13,ia,US,283160,100095,115533,72420
2018,1,13,id,US,119267,41399,48240,29523
2018,1,13,il,US,1155844,367275,430650,261546
2018,1,13,in,US,562727,196103,228719,144382
2018,1,13,ks,US,325077,112297,134012,82264
2018,1,13,ky,US,281830,123239,135849,94174
2018,1,13,la,US,507481,163671,186014,114515
2018,1,13,ma,US,464100,157788,171140,103878
2018,1,13,md,US,566364,186051,195794,120479
2018,1,13,me,US,66062,27224,31607,20608
2018,1,13,mi,US,843277,289980,350872,219223
2018,1,13,mn,US,459516,152426,175298,109858
2018,1,13,mo,US,620258,205601,238488,146521
2018,1,13,mp,US,503,294,493,290
2018,1,13,ms,US,262814,93727,105378,66244
2018,1,13,mt,US,66293,24092,26557,17159
2018,1,13,nc,US,1024407,331890,392873,239024
2018,1,13,nd,US,65885,24595,26034,16881
2018,1,13,ne,US,202420,70643,82918,51594
2018,1,13,nh,US,101223,36263,39649,24060
2018,1,13,nj,US,847071,273542,320194,189181
2018,1,13,nm,US,123804,44376,46849,29540
2018,1,13,nv,US,397721,101330,95045,59479
2018,1,13,ny,US,1531116,527312,548068,348279
2018,1,13,oh,US,874940,332819,382266,254362
2018,1,13,ok,US,475754,166964,190977,120327
2018,1,13,or,US,306541,98365,106848,66996
2018,1,13,pa,US,943514,338116,368243,235424
2018,1,13,pr,US,72014,28788,32400,20249
2018,1,13,qc,CA,2,1,2,1
2018,1,13,ri,US,75079,27504,29319,17834
2018,1,13,sc,US,482922,156813,183069,109962
2018,1,13,sd,US,65725,23840,27107,16987
2018,1,13,tn,US,563879,213537,236374,156087
2018,1,13,tx,US,3418741,1011112,1210115,729944
2018,1,13,ut,US,264885,79195,98055,56506
2018,1,13,va,US,779686,249837,280681,170613
2018,1,13,vi,US,338,193,0,0
2018,1,13,vt,US,39692,15493,13750,9458
2018,1,13,wa,US,556047,187229,205222,130949
2018,1,13,wi,US,474650,172936,200766,127645
2018,1,13,wv,US,103575,47042,48772,34299
2018,1,13,wy,US,37056,14108,14291,9229
2018,1,14,ALL,"",28283719,9880902,11614993,7278007
2018,1,14,ALL_CA,CA,2,2,2,2
2018,1,14,ALL_US,US,28283717,9880900,11614991,7278005
2018,1,14,ak,US,34156,14470,14813,10233
2018,1,14,al,US,513471,193409,241860,149999
2018,1,14,ar,US,277550,109040,135003,83421
2018,1,14,as,US,36,26,32,24
2018,1,14,az,US,564120,190846,215586,135145
2018,1,14,bc,CA,1,1,1,1
2018,1,14,ca,US,3441301,1085927,1195216,749152
2018,1,14,co,US,474726,162365,177715,112413
2018,1,14,ct,US,233669,88705,101254,62478
2018,1,14,dc,US,139500,52771,32096,20226
2018,1,14,de,US,66869,27264,28394,18094
2018,1,14,fl,US,2707916,899124,973509,607594
2018,1,14,ga,US,1064345,354981,428106,259897
2018,1,14,gu,US,4622,1981,2379,1422
2018,1,14,hi,US,129453,38209,35746,22682
2018,1,14,ia,US,245832,103012,123829,78915
2018,1,14,id,US,99079,40788,48309,30339
2018,1,14,il,US,1040676,380083,443088,276892
2018,1,14,in,US,524410,203215,244582,154061
2018,1,14,ks,US,284126,114073,138479,87853
2018,1,14,ky,US,313298,130210,152013,99334
2018,1,14,la,US,433969,164057,190698,119363
2018,1,14,ma,US,420914,160916,173801,108420
2018,1,14,md,US,499672,185598,196602,123999
2018,1,14,me,US,66242,27615,32336,20905
2018,1,14,mi,US,760430,294883,365247,230070
2018,1,14,mn,US,397115,157945,183468,118303
2018,1,14,mo,US,522053,206626,243505,154616
2018,1,14,mp,US,485,296,479,293
2018,1,14,ms,US,246610,95326,114129,70017
2018,1,14,mt,US,57588,24011,27320,17952
2018,1,14,nc,US,897562,332016,398657,247502
2018,1,14,nd,US,55518,24456,27599,18126
2018,1,14,ne,US,176600,69652,84770,53338
2018,1,14,nh,US,93567,36586,40064,24797
2018,1,14,nj,US,747159,275742,317663,193870
2018,1,14,nm,US,110439,44890,47099,30651
2018,1,14,nv,US,364304,102627,94554,61043
2018,1,14,ny,US,1442816,537743,559796,357337
2018,1,14,oh,US,922238,349021,428090,269246
2018,1,14,ok,US,428553,165851,198555,125049
2018,1,14,or,US,275954,99054,106712,69048
2018,1,14,pa,US,897623,344780,383807,243572
2018,1,14,pr,US,62001,27104,30870,19541
2018,1,14,qc,CA,1,1,1,1
2018,1,14,ri,US,68139,27825,29302,18318
2018,1,14,sc,US,427853,156098,187097,113845
2018,1,14,sd,US,56074,23857,28233,18063
2018,1,14,tn,US,591955,219541,255637,161065
2018,1,14,tx,US,3073627,1028421,1246144,762754
2018,1,14,ut,US,203963,78337,96316,57684
2018,1,14,va,US,696937,250862,284948,176216
2018,1,14,vi,US,248,171,0,0
2018,1,14,vt,US,42709,15602,14191,9295
2018,1,14,wa,US,511042,191735,207143,136257
2018,1,14,wi,US,432192,182764,220503,142137
2018,1,14,wv,US,107500,48374,52768,35455
2018,1,14,wy,US,32911,14054,14879,9684
2018,1,15,ALL,"",30304064,10254855,11833293,7485274
2018,1,15,ALL_CA,CA,3,3,3,3
2018,1,15,ALL_US,US,30304061,10254852,11833290,7485271
2018,1,15,ak,US,38753,15377,15681,11011
2018,1,15,al,US,593625,206596,251103,156793
2018,1,15,ar,US,321049,117729,141024,87530
2018,1,15,as,US,38,26,33,25
2018,1,15,az,US,593500,194442,216764,137310
2018,1,15,bc,CA,2,2,2,2
2018,1,15,ca,US,3513755,1110073,1206435,777413
2018,1,15,co,US,454261,164915,172991,115307
2018,1,15,ct,US,253411,92712,104848,64464
2018,1,15,dc,US,142673,54196,33556,21703
2018,1,15,de,US,73075,28257,29350,18552
2018,1,15,fl,US,2951085,938564,989230,616664
2018,1,15,ga,US,1142424,367389,437506,266313
2018,1,15,gu,US,4576,1994,2424,1483
2018,1,15,hi,US,129094,37810,35248,22944
2018,1,15,ia,US,265322,102798,120789,76776
2018,1,15,id,US,115308,42564,48702,31097
2018,1,15,il,US,1028249,379130,426954,275286
2018,1,15,in,US,519063,202443,233655,150210
2018,1,15,ks,US,300748,117416,137136,87912
2018,1,15,ky,US,352498,142988,162504,105673
2018,1,15,la,US,504779,174276,200860,125361
2018,1,15,ma,US,445650,169988,177355,112646
2018,1,15,md,US,533405,192408,202278,128032
2018,1,15,me,US,70890,28309,32914,21211
2018,1,15,mi,US,830756,306415,368778,232300
2018,1,15,mn,US,428050,156148,179918,114729
2018,1,15,mo,US,536998,205872,235305,151743
2018,1,15,mp,US,494,305,494,305
2018,1,15,ms,US,290032,102360,118945,73882
2018,1,15,mt,US,65037,24523,27124,17752
2018,1,15,nc,US,959613,340939,406030,252850
2018,1,15,nd,US,65951,25382,27954,17974
2018,1,15,ne,US,198934,75271,89044,56619
2018,1,15,nh,US,97458,37053,40876,25168
2018,1,15,nj,US,807475,284267,329357,199581
2018,1,15,nm,US,116727,45220,47517,31241
2018,1,15,nv,US,341364,101237,95464,63049
2018,1,15,ny,US,1524249,552051,578191,368671
2018,1,15,oh,US,924864,358403,424295,271699
2018,1,15,ok,US,473079,178120,203792,131216
2018,1,15,or,US,285288,101621,108057,71756
2018,1,15,pa,US,978294,358576,398553,250887
2018,1,15,pr,US,70045,29196,33341,20517
2018,1,15,qc,CA,1,1,1,1
2018,1,15,ri,US,70408,28254,29476,18780
2018,1,15,sc,US,460526,161102,190427,116100
2018,1,15,sd,US,63760,23994,27844,17631
2018,1,15,tn,US,691487,238782,276183,171825
2018,1,15,tx,US,3472404,1129788,1320915,821166
2018,1,15,ut,US,248800,82512,96530,59854
2018,1,15,va,US,755972,261612,293504,181421
2018,1,15,vi,US,294,180,0,0
2018,1,15,vt,US,38463,14995,14858,9547
2018,1,15,wa,US,542984,200101,209503,141640
2018,1,15,wi,US,456730,181108,209372,135870
2018,1,15,wv,US,124112,53030,57252,37972
2018,1,15,wy,US,36182,14308,15051,9810
2018,1,16,ALL,"",31684081,10391438,11922049,7474558
2018,1,16,ALL_CA,CA,4,3,4,3
2018,1,16,ALL_US,US,31684077,10391436,11922045,7474555
2018,1,16,ak,US,44823,15671,15772,10794
2018,1,16,al,US,500340,205479,249671,160280
2018,1,16,ar,US,265214,105788,123290,80757
2018,1,16,as,US,43,30,39,29
2018,1,16,az,US,655300,198116,221730,137681
2018,1,16,bc,CA,2,2,2,2
2018,1,16,ca,US,3941199,1136459,1231224,777683
2018,1,16,co,US,540834,167285,182379,114904
2018,1,16,ct,US,288947,95571,111421,65708
2018,1,16,dc,US,218420,73497,40077,25350
2018,1,16,de,US,82026,28832,30692,18712
2018,1,16,fl,US,3214406,969044,1028667,626017
2018,1,16,ga,US,1269067,391899,470813,278444
2018,1,16,gu,US,4870,1991,2401,1494
2018,1,16,hi,US,139541,38654,35309,23390
2018,1,16,ia,US,298905,104849,123636,76816
2018,1,16,id,US,128629,43589,50317,31161
2018,1,16,il,US,1176497,386693,445226,275101
2018,1,16,in,US,595514,205485,242591,149676
2018,1,16,ks,US,304611,114430,131622,84817
2018,1,16,ky,US,301558,133641,145770,99983
2018,1,16,la,US,452845,176317,202898,129432
2018,1,16,ma,US,534139,179888,189715,114776
2018,1,16,md,US,580228,199072,212298,130081
2018,1,16,me,US,79964,29318,34857,21631
2018,1,16,mi,US,926886,313027,379592,231626
2018,1,16,mn,US,483620,160688,186170,116203
2018,1,16,mo,US,572312,206860,235137,150998
2018,1,16,mp,US,468,300,461,299
2018,1,16,ms,US,230110,96989,112620,72941
2018,1,16,mt,US,73381,25074,27759,17959
2018,1,16,nc,US,1135234,368418,439594,265343
2018,1,16,nd,US,75186,26605,29307,18363
2018,1,16,ne,US,198813,72058,83427,53426
2018,1,16,nh,US,106727,36786,43398,25731
2018,1,16,nj,US,882769,289259,344199,200826
2018,1,16,nm,US,131223,46285,48538,31166
2018,1,16,nv,US,349031,99371,98085,63297
2018,1,16,ny,US,1752785,573497,606010,371966
2018,1,16,oh,US,1024582,356342,425993,265866
2018,1,16,ok,US,510239,175641,202305,127876
2018,1,16,or,US,323083,101728,109612,70662
2018,1,16,pa,US,997745,358032,403005,250565
2018,1,16,pr,US,73262,28695,32370,19374
2018,1,16,qc,CA,2,1,2,1
2018,1,16,ri,US,82747,29138,31350,18897
2018,1,16,sc,US,519036,167506,201565,119663
2018,1,16,sd,US,72184,24819,28683,17934
2018,1,16,tn,US,489852,215429,243617,164008
2018,1,16,tx,US,2624427,1044446,1159179,783902
2018,1,16,ut,US,274321,83311,101037,59878
2018,1,16,va,US,839787,274934,310104,186497
2018,1,16,vi,US,407,233,0,0
2018,1,16,vt,US,38345,14330,15575,9859
2018,1,16,wa,US,620117,207893,216037,142247
2018,1,16,wi,US,495653,179837,211533,134027
2018,1,16,wv,US,120946,53773,58008,38734
2018,1,16,wy,US,40879,14574,15360,9705
2018,1,17,ALL,"",31373305,10420006,11506878,7246711
2018,1,17,ALL_CA,CA,4,3,4,3
2018,1,17,ALL_US,US,31373301,10420003,11506874,7246708
2018,1,17,ak,US,46331,16099,15957,10862
2018,1,17,al,US,419979,185167,210022,144356
2018,1,17,ar,US,332050,112302,131865,80778
2018,1,17,as,US,47,30,39,26
2018,1,17,az,US,682530,206404,226098,138904
2018,1,17,bc,CA,2,2,2,2
2018,1,17,ca,US,4097096,1189466,1256576,789224
2018,1,17,co,US,563627,173585,184954,115123
2018,1,17,ct,US,234389,91406,96498,62266
2018,1,17,dc,US,207382,73011,38649,25158
2018,1,17,de,US,80167,29114,29857,18388
2018,1,17,fl,US,3204166,969740,987028,597374
2018,1,17,ga,US,738792,332456,354737,248795
2018,1,17,gu,US,4886,2000,2365,1502
2018,1,17,hi,US,143032,40150,35905,23566
2018,1,17,ia,US,312899,106544,126557,76046
2018,1,17,id,US,132629,44923,50625,31136
2018,1,17,il,US,1221921,393586,440093,265740
2018,1,17,in,US,613989,203224,231548,139351
2018,1,17,ks,US,350507,118621,138730,83466
2018,1,17,ky,US,351355,134921,145375,94653
2018,1,17,la,US,352884,161266,172340,120117
2018,1,17,ma,US,465179,175089,171059,109691
2018,1,17,md,US,508819,194219,192707,126120
2018,1,17,me,US,61403,27051,29859,20248
2018,1,17,mi,US,934382,308552,363498,218483
2018,1,17,mn,US,503188,164505,188234,115185
2018,1,17,mo,US,647922,215486,245721,149775
2018,1,17,mp,US,475,294,468,293
2018,1,17,ms,US,218998,91252,100946,67040
2018,1,17,mt,US,75210,25546,28189,17867
2018,1,17,nc,US,703791,327621,366351,249885
2018,1,17,nd,US,77383,26677,29089,17779
2018,1,17,ne,US,226753,75733,89211,54001
2018,1,17,nh,US,77163,32889,35289,23779
2018,1,17,nj,US,828436,291577,325410,196073
2018,1,17,nm,US,138336,48838,49750,31486
2018,1,17,nv,US,361640,103251,99168,63356
2018,1,17,ny,US,1717859,587623,584547,364854
2018,1,17,oh,US,1086405,360845,421855,254502
2018,1,17,ok,US,534386,177141,202285,124091
2018,1,17,or,US,329769,105835,111017,71464
2018,1,17,pa,US,979327,354479,375944,236945
2018,1,17,pr,US,78103,31851,34200,21033
2018,1,17,qc,CA,2,1,2,1
2018,1,17,ri,US,79008,29187,29918,18350
2018,1,17,sc,US,416972,158646,180600,113514
2018,1,17,sd,US,75972,25351,29565,17865
2018,1,17,tn,US,535706,211296,228587,151875
2018,1,17,tx,US,3317841,1102631,1231145,780151
2018,1,17,ut,US,285074,86553,102661,59896
2018,1,17,va,US,692058,262901,280241,179640
2018,1,17,vi,US,424,237,0,0
2018,1,17,vt,US,36846,13496,14285,8889
2018,1,17,wa,US,636009,215841,217750,143077
2018,1,17,wi,US,494211,178448,203824,127367
2018,1,17,wv,US,115540,50970,52092,35494
2018,1,17,wy,US,42055,15068,15591,9809
2018,1,18,ALL,"",33523407,10580336,11643244,7241347
2018,1,18,ALL_CA,CA,2,2,2,2
2018,1,18,ALL_US,US,33523405,10580334,11643242,7241345
2018,1,18,ak,US,45681,15509,14981,10173
2018,1,18,al,US,586412,202886,234147,149020
2018,1,18,ar,US,359597,114953,132928,80591
2018,1,18,as,US,43,26,37,23
2018,1,18,az,US,691239,205811,221144,135981
2018,1,18,bc,CA,2,2,2,2
2018,1,18,ca,US,4088532,1179977,1226557,770271
2018,1,18,co,US,565716,170505,177939,110137
2018,1,18,ct,US,290212,97514,107339,63766
2018,1,18,dc,US,232019,77601,38897,25227
2018,1,18,de,US,83321,29919,29993,18459
2018,1,18,fl,US,3187513,989786,991005,615479
2018,1,18,ga,US,1071016,367544,408795,261647
2018,1,18,gu,US,4843,2001,2324,1463
2018,1,18,hi,US,142362,39914,35279,23251
2018,1,18,ia,US,313715,104511,120947,73075
2018,1,18,id,US,132337,44765,49995,30690
2018,1,18,il,US,1236603,399595,442190,270646
2018,1,18,in,US,615990,206871,235543,144710
2018,1,18,ks,US,352505,116778,133581,80516
2018,1,18,ky,US,382707,136488,146366,93241
2018,1,18,la,US,486666,171048,186852,119296
2018,1,18,ma,US,545296,185828,183839,111823
2018,1,18,md,US,598494,204654,206262,127201
2018,1,18,me,US,79450,28823,32939,20625
2018,1,18,mi,US,931857,311106,362177,220625
2018,1,18,mn,US,512454,165507,186289,114564
2018,1,18,mo,US,664274,215702,242551,147096
2018,1,18,mp,US,452,286,442,283
2018,1,18,ms,US,297156,100334,111366,69338
2018,1,18,mt,US,75464,25866,28121,18040
2018,1,18,nc,US,744199,324361,356811,245829
2018,1,18,nd,US,78668,27844,28461,17928
2018,1,18,ne,US,222123,72553,82868,50296
2018,1,18,nh,US,106716,36725,41875,24946
2018,1,18,nj,US,897895,296896,331808,194522
2018,1,18,nm,US,139446,48683,48086,30693
2018,1,18,nv,US,365932,103634,96514,61580
2018,1,18,ny,US,1812289,598233,589763,363734
2018,1,18,oh,US,1097832,366074,423843,259179
2018,1,18,ok,US,539583,174516,195255,120034
2018,1,18,or,US,328790,104560,107512,68935
2018,1,18,pa,US,1076645,369448,394282,242629
2018,1,18,pr,US,75840,30907,31653,19885
2018,1,18,ri,US,84271,30430,30721,18703
2018,1,18,sc,US,469811,163123,185037,114908
2018,1,18,sd,US,75712,25212,28164,17324
2018,1,18,tn,US,667639,226902,248403,159066
2018,1,18,tx,US,3762478,1127789,1251840,766278
2018,1,18,ut,US,290232,87019,100291,58917
2018,1,18,va,US,764661,268010,280554,176948
2018,1,18,vi,US,471,268,0,0
2018,1,18,vt,US,37438,13420,13772,8590
2018,1,18,wa,US,636657,213772,213955,140559
2018,1,18,wi,US,501501,179781,203551,128998
2018,1,18,wv,US,130132,51268,51961,33956
2018,1,18,wy,US,42518,14943,15437,9651
2018,1,19,ALL,"",36861068,10790130,11988845,7275700
2018,1,19,ALL_CA,CA,2,2,2,2
2018,1,19,ALL_US,US,36861066,10790128,11988843,7275698
2018,1,19,ak,US,49037,16750,16387,11125
2018,1,19,al,US,694535,211273,246910,149619
2018,1,19,ar,US,391177,117590,135342,80431
2018,1,19,as,US,44,26,38,25
2018,1,19,az,US,737575,210540,228087,137341
2018,1,19,bc,CA,2,2,2,2
2018,1,19,ca,US,4328914,1201756,1267476,777868
2018,1,19,co,US,602014,176393,184642,113123
2018,1,19,ct,US,311013,98739,108689,63916
2018,1,19,dc,US,244992,78371,37775,24310
2018,1,19,de,US,90166,30799,30366,18487
2018,1,19,fl,US,3526103,1010939,1018021,616902
2018,1,19,ga,US,1349999,388367,436501,262615
2018,1,19,gu,US,4482,1778,2292,1395
2018,1,19,hi,US,154447,41316,36480,23626
2018,1,19,ia,US,331471,106292,121954,73396
2018,1,19,id,US,139668,45337,50725,30588
2018,1,19,il,US,1340774,409619,455061,272260
2018,1,19,in,US,691634,215031,244882,146484
2018,1,19,ks,US,374903,119077,136960,81946
2018,1,19,ky,US,428104,140053,151535,94384
2018,1,19,la,US,582615,176638,194649,118412
2018,1,19,ma,US,578996,187313,185379,111550
2018,1,19,md,US,649690,210023,208025,126873
2018,1,19,me,US,85693,29807,33617,20881
2018,1,19,mi,US,1007629,316976,368030,221778
2018,1,19,mn,US,535881,166983,184675,113069
2018,1,19,mo,US,724274,221815,247984,148113
2018,1,19,mp,US,449,262,444,261
2018,1,19,ms,US,344492,104968,115123,69144
2018,1,19,mt,US,78905,26087,28174,17811
2018,1,19,nc,US,1066253,354152,395498,248291
2018,1,19,nd,US,79531,25860,27436,16866
2018,1,19,ne,US,236652,74639,86259,52261
2018,1,19,nh,US,115154,38528,41922,24810
2018,1,19,nj,US,958371,302571,336981,195799
2018,1,19,nm,US,148255,49740,50083,31066
2018,1,19,nv,US,404988,108273,99937,62689
2018,1,19,ny,US,1914254,604187,594156,363416
2018,1,19,oh,US,1202432,372341,433883,260680
2018,1,19,ok,US,573803,175636,201387,122006
2018,1,19,or,US,350047,107252,112054,70267
2018,1,19,pa,US,1168545,377117,401430,243504
2018,1,19,pr,US,72051,27136,28890,18219
2018,1,19,ri,US,91383,31377,31200,18820
2018,1,19,sc,US,554436,170694,194826,115422
2018,1,19,sd,US,79390,25705,28231,17290
2018,1,19,tn,US,785678,238055,261014,159866
2018,1,19,tx,US,4035790,1146029,1280826,767393
2018,1,19,ut,US,301915,89784,102288,59802
2018,1,19,va,US,886997,275502,292411,176079
2018,1,19,vi,US,441,237,0,0
2018,1,19,vt,US,43292,14714,14074,8836
2018,1,19,wa,US,677712,215134,220184,140561
2018,1,19,wi,US,544210,184851,208571,130393
2018,1,19,wv,US,145082,51738,53173,33761
2018,1,19,wy,US,44728,15503,15906,9868
2018,1,20,ALL,"",33717405,10356645,11518916,6991916
2018,1,20,ALL_CA,CA,4,3,4,3
2018,1,20,ALL_US,US,33717401,10356642,11518912,6991913
2018,1,20,ak,US,41217,15394,15015,10077
2018,1,20,al,US,612378,200835,236338,144093
2018,1,20,ar,US,336418,111802,127487,77456
2018,1,20,as,US,48,30,38,27
2018,1,20,az,US,654879,204522,219660,133637
2018,1,20,bc,CA,3,2,3,2
2018,1,20,ca,US,3924084,1145564,1215505,737248
2018,1,20,co,US,569310,175989,185457,112773
2018,1,20,ct,US,287592,94486,103438,60905
2018,1,20,dc,US,198938,63922,34820,21308
2018,1,20,de,US,82034,29394,28873,17639
2018,1,20,fl,US,3203452,966456,965997,592942
2018,1,20,ga,US,1261546,368373,424702,252163
2018,1,20,gu,US,4891,2018,2507,1419
2018,1,20,hi,US,143185,40266,36210,22490
2018,1,20,ia,US,303429,104335,118383,72371
2018,1,20,id,US,122009,43104,48036,29453
2018,1,20,il,US,1250165,389854,436941,259585
2018,1,20,in,US,626091,203562,228953,138583
2018,1,20,ks,US,344368,114210,132646,79448
2018,1,20,ky,US,398266,136288,149258,93096
2018,1,20,la,US,531578,172584,189247,115716
2018,1,20,ma,US,525304,177459,178756,107442
2018,1,20,md,US,621102,201813,201255,121972
2018,1,20,me,US,76922,28194,31543,19795
2018,1,20,mi,US,902044,300157,344741,210866
2018,1,20,mn,US,489732,159028,176561,108409
2018,1,20,mo,US,660587,211592,239197,142976
2018,1,20,mp,US,462,276,462,276
2018,1,20,ms,US,304344,99869,110044,66163
2018,1,20,mt,US,68917,24844,26309,16966
2018,1,20,nc,US,1052891,343007,391656,239367
2018,1,20,nd,US,69921,24687,25792,16192
2018,1,20,ne,US,226595,75479,86788,52599
2018,1,20,nh,US,110843,38003,39778,23740
2018,1,20,nj,US,907015,294418,326850,189785
2018,1,20,nm,US,132438,48279,47875,30147
2018,1,20,nv,US,392422,105788,96331,60403
2018,1,20,ny,US,1743435,575983,569750,348889
2018,1,20,oh,US,1110141,355433,415092,250606
2018,1,20,ok,US,507896,171086,191548,118494
2018,1,20,or,US,311505,102827,107683,67427
2018,1,20,pa,US,1086534,362126,381751,232392
2018,1,20,pr,US,77001,29458,29960,18958
2018,1,20,qc,CA,1,1,1,1
2018,1,20,ri,US,84230,30499,30236,18185
2018,1,20,sc,US,497223,161693,184128,109995
2018,1,20,sd,US,71923,25550,27657,17176
2018,1,20,tn,US,737005,229339,255655,153374
2018,1,20,tx,US,3645219,1089312,1230095,737215
2018,1,20,ut,US,260867,84494,96509,57499
2018,1,20,va,US,840149,264868,287913,172278
2018,1,20,vi,US,359,222,0,0
2018,1,20,vt,US,45781,15286,13919,8749
2018,1,20,wa,US,598229,204522,209808,134115
2018,1,20,wi,US,493559,177152,197030,123441
2018,1,20,wv,US,131892,51349,51946,34027
2018,1,20,wy,US,37036,14820,14783,9566
2018,1,21,ALL,"",28100660,9935745,11347028,6996690
2018,1,21,ALL_CA,CA,3,2,3,2
2018,1,21,ALL_US,US,28100657,9935743,11347025,6996688
2018,1,21,ak,US,34008,14865,14729,10299
2018,1,21,al,US,529793,191700,238914,142750
2018,1,21,ar,US,290683,112100,136228,82081
2018,1,21,as,US,30,25,29,25
2018,1,21,az,US,553222,196467,213086,134202
2018,1,21,bc,CA,3,2,3,2
2018,1,21,ca,US,3418272,1118432,1185823,747214
2018,1,21,co,US,367158,160143,155977,109213
2018,1,21,ct,US,233923,89503,100066,60078
2018,1,21,dc,US,154167,56614,34494,21445
2018,1,21,de,US,66653,27192,28051,17403
2018,1,21,fl,US,2639529,894735,905714,561504
2018,1,21,ga,US,1068916,351444,423958,249140
2018,1,21,gu,US,4340,1917,2388,1402
2018,1,21,hi,US,123523,38407,34085,21986
2018,1,21,ia,US,247945,103710,123363,76987
2018,1,21,id,US,98937,41496,47847,30037
2018,1,21,il,US,1021542,371190,420675,256700
2018,1,21,in,US,493356,187318,218970,133641
2018,1,21,ks,US,289898,113075,134663,82843
2018,1,21,ky,US,330099,126322,146106,89980
2018,1,21,la,US,448727,167383,193051,118115
2018,1,21,ma,US,434994,169403,171006,106143
2018,1,21,md,US,519110,191410,199190,122054
2018,1,21,me,US,61984,26467,30433,19602
2018,1,21,mi,US,734210,283965,339126,210040
2018,1,21,mn,US,408358,160516,185587,115472
2018,1,21,mo,US,558230,206826,245527,147521
2018,1,21,mp,US,426,259,426,259
2018,1,21,ms,US,257581,95131,112831,66637
2018,1,21,mt,US,56109,23539,25862,16909
2018,1,21,nc,US,886072,323778,386766,234633
2018,1,21,nd,US,54955,23302,26062,16620
2018,1,21,ne,US,187978,79544,93408,58663
2018,1,21,nh,US,84943,34642,37850,23317
2018,1,21,nj,US,754677,281158,320113,189631
2018,1,21,nm,US,105568,45899,45927,30275
2018,1,21,nv,US,330742,103206,93907,61003
2018,1,21,ny,US,1488712,553235,563838,349261
2018,1,21,oh,US,902309,335220,405670,245712
2018,1,21,ok,US,427623,165320,194073,120363
2018,1,21,or,US,260172,99356,104561,68388
2018,1,21,pa,US,904498,344403,372737,229487
2018,1,21,pr,US,66903,29809,31632,20362
2018,1,21,ri,US,67335,28162,28659,17800
2018,1,21,sc,US,415759,152200,182129,108176
2018,1,21,sd,US,59184,25291,29299,18280
2018,1,21,tn,US,607225,213523,251817,149843
2018,1,21,tx,US,3056628,1074943,1247082,761899
2018,1,21,ut,US,203297,81029,94840,57081
2018,1,21,va,US,707633,251392,285869,171050
2018,1,21,vi,US,246,161,0,0
2018,1,21,vt,US,33453,13653,12993,8415
2018,1,21,wa,US,493732,195292,202200,134160
2018,1,21,wi,US,418168,173986,203337,128897
2018,1,21,wv,US,107666,46295,50386,32386
2018,1,21,wy,US,29456,13751,13665,9304
2018,1,22,ALL,"",33336802,10757463,11921147,7315146
2018,1,22,ALL_CA,CA,3,3,3,3
2018,1,22,ALL_US,US,33336799,10757461,11921144,7315143
2018,1,22,ak,US,46372,17064,16739,11480
2018,1,22,al,US,629994,212512,247617,151494
2018,1,22,ar,US,355860,116063,133691,80493
2018,1,22,as,US,62,44,51,36
2018,1,22,az,US,663633,207887,221251,137598
2018,1,22,bc,CA,3,3,3,3
2018,1,22,ca,US,4015798,1193114,1230064,777150
2018,1,22,co,US,529277,174203,179648,114208
2018,1,22,ct,US,279184,95763,107100,62376
2018,1,22,dc,US,217844,72912,38878,24585
2018,1,22,de,US,80389,29768,30185,18368
2018,1,22,fl,US,3096252,991878,1000416,616296
2018,1,22,ga,US,1230851,386270,442862,263610
2018,1,22,gu,US,4732,1983,2252,1444
2018,1,22,hi,US,141860,40843,35348,23576
2018,1,22,ia,US,287738,108854,125764,78427
2018,1,22,id,US,126535,44489,49441,30890
2018,1,22,il,US,1205460,402693,446354,270770
2018,1,22,in,US,599181,207313,239324,144408
2018,1,22,ks,US,335682,122443,139205,85918
2018,1,22,ky,US,407817,144159,160489,98908
2018,1,22,la,US,539598,179391,198883,121795
2018,1,22,ma,US,520964,183310,183482,110441
2018,1,22,md,US,599082,204571,211457,127474
2018,1,22,me,US,75491,28787,33215,20606
2018,1,22,mi,US,891641,313939,368275,223322
2018,1,22,mn,US,408235,167416,180435,117986
2018,1,22,mo,US,642361,219884,249253,151428
2018,1,22,mp,US,461,285,453,284
2018,1,22,ms,US,315700,104374,116339,70284
2018,1,22,mt,US,72099,25492,27679,17921
2018,1,22,nc,US,1054523,355941,412497,250129
2018,1,22,nd,US,71748,25685,28266,17481
2018,1,22,ne,US,155280,77045,80347,56897
2018,1,22,nh,US,98315,35654,41029,24340
2018,1,22,nj,US,884796,296977,337521,194679
2018,1,22,nm,US,135937,48728,48846,31128
2018,1,22,nv,US,367559,106652,98274,63096
2018,1,22,ny,US,1756875,593350,595798,362310
2018,1,22,oh,US,1082457,369585,435204,261434
2018,1,22,ok,US,526443,180783,202357,125838
2018,1,22,or,US,321904,106688,108645,70658
2018,1,22,pa,US,1052347,367212,398275,240104
2018,1,22,pr,US,76083,31139,33442,20144
2018,1,22,ri,US,82307,30051,30679,18325
2018,1,22,sc,US,495247,166674,194516,115562
2018,1,22,sd,US,65047,24918,27928,18009
2018,1,22,tn,US,714913,233659,264227,159877
2018,1,22,tx,US,3665968,1127864,1256202,762285
2018,1,22,ut,US,278583,87359,98890,59014
2018,1,22,va,US,827069,272319,301079,178377
2018,1,22,vi,US,430,244,0,0
2018,1,22,vt,US,36070,13964,14577,9205
2018,1,22,wa,US,620318,215657,213343,140998
2018,1,22,wi,US,466955,185639,210004,135553
2018,1,22,wv,US,138968,53790,57514,36215
2018,1,22,wy,US,40504,15138,15534,9909
2018,1,23,ALL,"",34262715,10792913,11734919,7177979
2018,1,23,ALL_CA,CA,1,1,1,1
2018,1,23,ALL_US,US,34262714,10792912,11734918,7177978
2018,1,23,ak,US,48891,18198,17140,11688
2018,1,23,al,US,653919,209378,240943,146718
2018,1,23,ar,US,368077,116229,131363,79157
2018,1,23,as,US,62,42,49,36
2018,1,23,az,US,671690,207632,217816,135235
2018,1,23,bc,CA,1,1,1,1
2018,1,23,ca,US,4108097,1202598,1220299,769511
2018,1,23,co,US,554651,174379,178300,112312
2018,1,23,ct,US,280067,96615,105017,61546
2018,1,23,dc,US,228725,76571,39226,24835
2018,1,23,de,US,81265,30175,29838,18159
2018,1,23,fl,US,3284192,1008324,999499,605880
2018,1,23,ga,US,1286826,385329,436108,256849
2018,1,23,gu,US,4801,2004,2275,1444
2018,1,23,hi,US,142463,41021,34792,23289
2018,1,23,ia,US,305461,107503,122073,75185
2018,1,23,id,US,130683,44632,49306,30389
2018,1,23,il,US,1217493,401129,436610,264992
2018,1,23,in,US,610090,207401,234030,141037
2018,1,23,ks,US,351136,119930,135740,82596
2018,1,23,ky,US,417899,144921,156381,96071
2018,1,23,la,US,552742,176624,192360,117734
2018,1,23,ma,US,521532,186006,180118,109586
2018,1,23,md,US,598109,205830,205971,125544
2018,1,23,me,US,67162,27729,30741,20047
2018,1,23,mi,US,904986,312317,359404,217647
2018,1,23,mn,US,465003,163289,179569,114073
2018,1,23,mo,US,660681,218772,243367,147601
2018,1,23,mp,US,458,294,446,293
2018,1,23,ms,US,321910,102325,112246,67305
2018,1,23,mt,US,74307,25591,27463,17711
2018,1,23,nc,US,1089123,358961,409612,246087
2018,1,23,nd,US,75716,26223,28144,17393
2018,1,23,ne,US,215296,76731,85752,53550
2018,1,23,nh,US,92308,34808,39100,23770
2018,1,23,nj,US,877648,299607,330507,192302
2018,1,23,nm,US,136947,48879,47726,30512
2018,1,23,nv,US,371073,105517,95927,61625
2018,1,23,ny,US,1756159,601068,583076,358209
2018,1,23,oh,US,1089910,366672,421933,253153
2018,1,23,ok,US,549666,182007,200020,123558
2018,1,23,or,US,324207,106792,107255,69902
2018,1,23,pa,US,1052215,368555,390574,236416
2018,1,23,pr,US,80060,33593,35334,21646
2018,1,23,ri,US,82577,30606,30395,18166
2018,1,23,sc,US,513241,167495,192582,113106
2018,1,23,sd,US,72404,24988,27696,17343
2018,1,23,tn,US,742172,233685,259599,156598
2018,1,23,tx,US,3766331,1132047,1235245,752124
2018,1,23,ut,US,287278,87430,99366,58330
2018,1,23,va,US,840881,277225,297912,177372
2018,1,23,vi,US,329,199,0,0
2018,1,23,vt,US,35560,13652,13983,8822
2018,1,23,wa,US,626428,217895,211034,140184
2018,1,23,wi,US,493421,182107,203977,129314
2018,1,23,wv,US,136827,53079,54641,34466
2018,1,23,wy,US,41559,14998,15038,9560
2018,1,24,ALL,"",33396407,10054582,11169603,6706960
2018,1,24,ALL_US,US,33396407,10054582,11169603,6706960
2018,1,24,ak,US,46740,16348,15863,10733
2018,1,24,al,US,630111,196121,229081,136955
2018,1,24,ar,US,355571,108407,123835,72705
2018,1,24,as,US,53,36,38,30
2018,1,24,az,US,650766,191499,206174,124875
2018,1,24,ca,US,4012491,1132586,1196013,743092
2018,1,24,co,US,539962,162706,169366,104370
2018,1,24,ct,US,280029,90585,101901,58667
2018,1,24,dc,US,225308,75464,37755,24284
2018,1,24,de,US,79808,27882,28126,16941
2018,1,24,fl,US,3120011,921082,912882,543856
2018,1,24,ga,US,1247323,361580,412192,240761
2018,1,24,gu,US,4695,1959,2227,1419
2018,1,24,hi,US,139066,37584,33459,21605
2018,1,24,ia,US,300473,99904,115243,68070
2018,1,24,id,US,127774,41949,47404,28617
2018,1,24,il,US,1179859,373720,417523,249250
2018,1,24,in,US,564089,190796,215899,130502
2018,1,24,ks,US,347325,112831,128274,75147
2018,1,24,ky,US,398625,132663,146097,88108
2018,1,24,la,US,532126,164301,179360,108010
2018,1,24,ma,US,531964,174866,176715,104442
2018,1,24,md,US,583396,193189,196884,119085
2018,1,24,me,US,76449,26993,30968,18885
2018,1,24,mi,US,901668,295330,347499,205986
2018,1,24,mn,US,479335,153504,169220,102060
2018,1,24,mo,US,649330,204768,229130,135684
2018,1,24,mp,US,477,299,468,298
2018,1,24,ms,US,312044,95723,106770,62898
2018,1,24,mt,US,71912,23690,25674,16027
2018,1,24,nc,US,1059341,333971,384055,227885
2018,1,24,nd,US,71957,24187,25757,15364
2018,1,24,ne,US,218596,71943,80866,48338
2018,1,24,nh,US,101975,34259,38980,22709
2018,1,24,nj,US,871789,280709,323151,185265
2018,1,24,nm,US,131441,44712,44588,27843
2018,1,24,nv,US,364919,99612,93098,58919
2018,1,24,ny,US,1740978,561936,566910,342758
2018,1,24,oh,US,1057202,344196,404251,239696
2018,1,24,ok,US,530563,169782,188989,113427
2018,1,24,or,US,320754,101541,105853,67947
2018,1,24,pa,US,1034353,344913,375275,224504
2018,1,24,pr,US,85070,35074,36474,22246
2018,1,24,ri,US,84222,28785,29811,17469
2018,1,24,sc,US,497642,155733,181013,105009
2018,1,24,sd,US,71571,23374,25840,15381
2018,1,24,tn,US,717776,217825,245823,145255
2018,1,24,tx,US,3637500,1049602,1158569,688690
2018,1,24,ut,US,279620,82795,96923,56045
2018,1,24,va,US,815643,258603,280922,165635
2018,1,24,vi,US,417,243,0,0
2018,1,24,vt,US,35932,12761,13574,8329
2018,1,24,wa,US,616860,205326,205056,133265
2018,1,24,wi,US,486409,169031,193294,118774
2018,1,24,wv,US,134569,51329,54293,34052
2018,1,24,wy,US,40528,14090,14198,8793
2018,1,25,ALL,"",32995216,9729666,10924831,6539104
2018,1,25,ALL_US,US,32995216,9729666,10924831,6539104
2018,1,25,ak,US,47086,16634,15804,10943
2018,1,25,al,US,622999,191661,224788,134769
2018,1,25,ar,US,347864,103666,120437,70557
2018,1,25,as,US,52,34,40,30
2018,1,25,az,US,645503,186355,200524,120953
2018,1,25,ca,US,4050373,1129947,1189390,740559
2018,1,25,co,US,535566,159296,165957,101839
2018,1,25,ct,US,275613,88008,100224,57603
2018,1,25,dc,US,223330,74482,37188,23972
2018,1,25,de,US,78358,27005,27583,16549
2018,1,25,fl,US,3020887,875740,880469,520891
2018,1,25,ga,US,1227928,349845,404295,234553
2018,1,25,gu,US,4807,2006,2203,1406
2018,1,25,hi,US,137177,37355,32929,21544
2018,1,25,ia,US,294571,94688,111067,65416
2018,1,25,id,US,128376,41818,47047,28428
2018,1,25,il,US,1193334,365148,412137,244273
2018,1,25,in,US,596782,185042,215585,125713
2018,1,25,ks,US,338905,107125,124299,72623
2018,1,25,ky,US,398529,128905,143899,86291
2018,1,25,la,US,513963,156913,174344,104223
2018,1,25,ma,US,521180,170013,173269,102862
2018,1,25,md,US,576804,187823,192773,116190
2018,1,25,me,US,75410,26368,29942,18324
2018,1,25,mi,US,897092,284339,339125,199019
2018,1,25,mn,US,458185,142602,160974,96837
2018,1,25,mo,US,643276,196926,224230,131191
2018,1,25,mp,US,470,296,466,295
2018,1,25,ms,US,307018,92844,103987,61168
2018,1,25,mt,US,71028,23228,25112,15693
2018,1,25,nc,US,1033760,321417,373478,220450
2018,1,25,nd,US,70449,23072,25318,15066
2018,1,25,ne,US,210929,67355,77760,46210
2018,1,25,nh,US,102271,33804,38454,22253
2018,1,25,nj,US,866049,275098,317223,182490
2018,1,25,nm,US,128817,43201,43318,26832
2018,1,25,nv,US,369786,99887,91766,58339
2018,1,25,ny,US,1722743,545383,555820,336247
2018,1,25,oh,US,1058008,333359,395940,232714
2018,1,25,ok,US,517260,162315,182333,109756
2018,1,25,or,US,327187,102828,106344,68176
2018,1,25,pa,US,1026302,335385,368130,218936
2018,1,25,pr,US,79680,32827,33261,20481
2018,1,25,ri,US,81961,27729,29013,17030
2018,1,25,sc,US,484275,149055,175309,101067
2018,1,25,sd,US,68416,21704,24354,14449
2018,1,25,tn,US,709035,210595,239775,141147
2018,1,25,tx,US,3506586,1004436,1123517,667436
2018,1,25,ut,US,276465,82945,95569,55705
2018,1,25,va,US,801758,251038,275229,161770
2018,1,25,vi,US,424,228,0,0
2018,1,25,vt,US,36497,12635,13140,7999
2018,1,25,wa,US,627198,206303,205226,133269
2018,1,25,wi,US,484952,164418,189292,115733
2018,1,25,wv,US,131906,48902,51305,32303
2018,1,25,wy,US,40036,13548,13870,8532
2018,1,26,ALL,"",35928906,10191308,11132147,6577565
2018,1,26,ALL_US,US,35928906,10191308,11132147,6577565
2018,1,26,ak,US,51117,17051,15817,10547
2018,1,26,al,US,680431,200490,229919,135437
2018,1,26,ar,US,375491,109375,123614,71636
2018,1,26,as,US,56,35,41,31
2018,1,26,az,US,705592,195731,207235,121498
2018,1,26,ca,US,4383201,1180274,1223515,740415
2018,1,26,co,US,580553,167499,170018,102030
2018,1,26,ct,US,299087,93254,101307,58259
2018,1,26,dc,US,234548,75169,36977,23550
2018,1,26,de,US,84631,28727,27493,16555
2018,1,26,fl,US,3324776,926434,899363,528603
2018,1,26,ga,US,1329404,366033,408326,235573
2018,1,26,gu,US,5297,2104,2348,1417
2018,1,26,hi,US,151682,39751,34282,21726
2018,1,26,ia,US,319909,99304,111953,65258
2018,1,26,id,US,135728,43438,47298,28222
2018,1,26,il,US,1302502,385449,423422,246813
2018,1,26,in,US,670806,198203,221779,127338
2018,1,26,ks,US,364500,110977,125749,72356
2018,1,26,ky,US,435033,134696,144611,85829
2018,1,26,la,US,566085,167111,181302,106636
2018,1,26,ma,US,564917,180792,175275,104422
2018,1,26,md,US,628399,198094,192846,116012
2018,1,26,me,US,82411,27726,30284,18504
2018,1,26,mi,US,972947,297642,340291,199656
2018,1,26,mn,US,497632,149479,161838,96411
2018,1,26,mo,US,695555,205927,227718,131129
2018,1,26,mp,US,456,295,448,294
2018,1,26,ms,US,337439,99160,108329,62677
2018,1,26,mt,US,76272,23689,25188,15386
2018,1,26,nc,US,1119305,334878,375825,221214
2018,1,26,nd,US,75464,23828,24407,14635
2018,1,26,ne,US,229494,70470,79263,46244
2018,1,26,nh,US,112696,36370,38510,22446
2018,1,26,nj,US,937431,291772,323179,184570
2018,1,26,nm,US,138642,45553,44329,26914
2018,1,26,nv,US,409420,107071,94046,58280
2018,1,26,ny,US,1870891,581775,562293,339885
2018,1,26,oh,US,1171438,348714,401863,233675
2018,1,26,ok,US,553132,169684,184690,110149
2018,1,26,or,US,345400,107044,107343,67739
2018,1,26,pa,US,1133609,355443,372928,220631
2018,1,26,pr,US,84643,34210,34550,21430
2018,1,26,ri,US,90113,29936,29704,17329
2018,1,26,sc,US,526385,157059,177124,101632
2018,1,26,sd,US,74005,22890,24850,14532
2018,1,26,tn,US,780671,223670,245151,142379
2018,1,26,tx,US,3828403,1057160,1163415,676853
2018,1,26,ut,US,299971,85793,96619,55023
2018,1,26,va,US,858627,260134,274238,161202
2018,1,26,vi,US,421,243,0,0
2018,1,26,vt,US,42557,14411,13277,8129
2018,1,26,wa,US,671778,215323,208875,132602
2018,1,26,wi,US,529958,173062,191937,115862
2018,1,26,wv,US,145588,51283,51360,31656
2018,1,26,wy,US,42407,14016,13785,8334
2018,1,27,ALL,"",32868485,9966972,10575268,6334256
2018,1,27,ALL_CA,CA,1,1,1,1
2018,1,27,ALL_US,US,32868484,9966971,10575267,6334255
2018,1,27,ak,US,43080,16208,14797,10040
2018,1,27,al,US,587858,194121,217847,132254
2018,1,27,ar,US,317106,104864,113565,68488
2018,1,27,as,US,35,23,27,20
2018,1,27,az,US,645110,189545,197283,116761
2018,1,27,bc,CA,1,1,1,1
2018,1,27,ca,US,3991926,1144584,1168858,701123
2018,1,27,co,US,533434,162744,162341,98052
2018,1,27,ct,US,283478,93233,97937,56724
2018,1,27,dc,US,195768,64344,33360,20590
2018,1,27,de,US,80287,28503,26449,16057
2018,1,27,fl,US,3072572,904017,847735,509704
2018,1,27,ga,US,1232047,357613,390876,230245
2018,1,27,gu,US,4973,2027,2378,1363
2018,1,27,hi,US,139226,39079,34030,20795
2018,1,27,ia,US,292513,97557,106328,63510
2018,1,27,id,US,117940,41703,44015,27060
2018,1,27,il,US,1227024,377515,409976,238423
2018,1,27,in,US,617781,195660,207006,123579
2018,1,27,ks,US,336481,107803,120507,69827
2018,1,27,ky,US,381630,130788,136650,84555
2018,1,27,la,US,476694,162120,164773,102388
2018,1,27,ma,US,524175,176000,169785,100419
2018,1,27,md,US,617183,197004,187957,112720
2018,1,27,me,US,74807,27354,28891,18036
2018,1,27,mi,US,874883,287093,317133,191409
2018,1,27,mn,US,465314,144444,151974,91505
2018,1,27,mo,US,652516,200131,218399,126300
2018,1,27,mp,US,454,268,452,268
2018,1,27,ms,US,278061,95496,99083,60455
2018,1,27,mt,US,65717,22926,23237,14791
2018,1,27,nc,US,1026910,329620,361450,216562
2018,1,27,nd,US,65262,22600,21725,13643
2018,1,27,ne,US,211839,68191,74091,43912
2018,1,27,nh,US,110241,37196,36942,21692
2018,1,27,nj,US,903789,292457,312064,179835
2018,1,27,nm,US,123546,44082,42057,25912
2018,1,27,nv,US,396619,104527,89814,55672
2018,1,27,ny,US,1753501,581586,544158,331121
2018,1,27,oh,US,1058193,339626,379411,226931
2018,1,27,ok,US,487649,161266,172885,104299
2018,1,27,or,US,310643,104184,102880,65012
2018,1,27,pa,US,1065968,353377,357671,215383
2018,1,27,pr,US,70665,28176,28433,17740
2018,1,27,ri,US,87361,30892,28339,16871
2018,1,27,sc,US,478083,154630,168021,99281
2018,1,27,sd,US,67407,22578,22642,13718
2018,1,27,tn,US,692860,219267,232555,139191
2018,1,27,tx,US,3451620,1021343,1099068,648293
2018,1,27,ut,US,276143,82654,93271,53263
2018,1,27,va,US,813493,255236,265543,156794
2018,1,27,vi,US,376,220,0,0
2018,1,27,vt,US,45555,15097,12842,8059
2018,1,27,wa,US,587665,202016,195825,124739
2018,1,27,wi,US,486749,168411,179805,110542
2018,1,27,wv,US,129464,49266,47461,30298
2018,1,27,wy,US,36810,13518,12665,8031
2018,1,28,ALL,"",28182789,9668071,10688946,6487740
2018,1,28,ALL_CA,CA,1,1,1,1
2018,1,28,ALL_US,US,28182788,9668070,10688945,6487739
2018,1,28,ak,US,35812,15437,14522,10134
2018,1,28,al,US,500388,186622,220986,134765
2018,1,28,ar,US,277975,100726,119640,69950
2018,1,28,as,US,36,27,31,24
2018,1,28,az,US,548779,185057,196083,119693
2018,1,28,bc,CA,1,1,1,1
2018,1,28,ca,US,3587070,1129506,1161348,718017
2018,1,28,co,US,453482,157016,159974,99410
2018,1,28,ct,US,237301,90355,96393,57814
2018,1,28,dc,US,149043,57084,32297,20494
2018,1,28,de,US,64712,26772,26042,16372
2018,1,28,fl,US,2655440,890730,868569,528169
2018,1,28,ga,US,995407,343103,389174,234507
2018,1,28,gu,US,4567,1981,2318,1348
2018,1,28,hi,US,124930,38062,32650,20776
2018,1,28,ia,US,235653,93222,106536,65028
2018,1,28,id,US,97870,39724,44638,27525
2018,1,28,il,US,1047650,367946,409706,244030
2018,1,28,in,US,528596,187036,214432,126019
2018,1,28,ks,US,277682,103186,119693,71569
2018,1,28,ky,US,337941,125434,141934,85560
2018,1,28,la,US,438386,157676,174601,104489
2018,1,28,ma,US,451199,171433,170187,102957
2018,1,28,md,US,509899,187351,187508,115344
2018,1,28,me,US,64319,26333,29392,18423
2018,1,28,mi,US,752129,279615,331232,199177
2018,1,28,mn,US,395235,141266,157273,95809
2018,1,28,mo,US,539792,191783,222873,130302
2018,1,28,mp,US,421,267,419,267
2018,1,28,ms,US,250280,91827,104682,61341
2018,1,28,mt,US,54629,22083,23378,15124
2018,1,28,nc,US,840842,315844,360020,221512
2018,1,28,nd,US,53704,21683,23150,14504
2018,1,28,ne,US,173576,65015,74426,44922
2018,1,28,nh,US,93028,35449,37529,22347
2018,1,28,nj,US,750122,282685,307131,183826
2018,1,28,nm,US,105347,42299,41661,26404
2018,1,28,nv,US,339556,100841,88417,56319
2018,1,28,ny,US,1515010,570512,551146,341299
2018,1,28,oh,US,939876,332225,397408,233583
2018,1,28,ok,US,422588,156251,176197,106806
2018,1,28,or,US,276979,101837,103932,66620
2018,1,28,pa,US,903148,340422,360551,219891
2018,1,28,pr,US,63036,28565,30048,19027
2018,1,28,ri,US,73113,29389,28129,17211
2018,1,28,sc,US,389089,147496,167478,101511
2018,1,28,sd,US,53719,21436,23752,14501
2018,1,28,tn,US,594350,209169,237518,141127
2018,1,28,tx,US,3005749,986364,1114127,658320
2018,1,28,ut,US,201883,78491,91603,53628
2018,1,28,va,US,675568,244709,262412,159714
2018,1,28,vi,US,284,172,0,0
2018,1,28,vt,US,34501,13888,12917,8112
2018,1,28,wa,US,513664,196745,194253,127273
2018,1,28,wi,US,408040,163936,185412,115823
2018,1,28,wv,US,107834,46079,48161,30719
2018,1,28,wy,US,31559,13205,13056,8303
2018,1,29,ALL,"",33326352,10459141,11111307,6674699
2018,1,29,ALL_CA,CA,2,2,2,2
2018,1,29,ALL_US,US,33326350,10459139,11111305,6674697
2018,1,29,ak,US,47251,17230,15798,10900
2018,1,29,al,US,628527,201861,228214,136262
2018,1,29,ar,US,344533,108804,120874,71021
2018,1,29,as,US,44,27,33,22
2018,1,29,az,US,649333,198791,201959,122573
2018,1,29,bc,CA,2,2,2,2
2018,1,29,ca,US,4090912,1204409,1191839,748436
2018,1,29,co,US,538340,170257,167251,103509
2018,1,29,ct,US,284362,96469,103150,59540
2018,1,29,dc,US,217601,74995,37311,23842
2018,1,29,de,US,80699,29043,28212,16928
2018,1,29,fl,US,3102141,946511,907135,535786
2018,1,29,ga,US,1241300,373042,413726,238566
2018,1,29,gu,US,4716,2000,2191,1394
2018,1,29,hi,US,140455,40081,33013,21893
2018,1,29,ia,US,294649,100481,113310,67073
2018,1,29,id,US,126406,43574,46245,28434
2018,1,29,il,US,1190828,390929,416886,248943
2018,1,29,in,US,589009,197784,219227,128332
2018,1,29,ks,US,333661,111839,124215,73031
2018,1,29,ky,US,402869,138917,147816,89108
2018,1,29,la,US,527979,168604,178503,106501
2018,1,29,ma,US,538803,187786,179115,106606
2018,1,29,md,US,594900,201316,198277,119189
2018,1,29,me,US,76836,28066,30894,18796
2018,1,29,mi,US,857924,305136,341854,206417
2018,1,29,mn,US,468161,153147,165306,98966
2018,1,29,mo,US,623610,205535,223887,132248
2018,1,29,mp,US,445,290,437,289
2018,1,29,ms,US,311841,98845,106448,62353
2018,1,29,mt,US,70569,24337,25056,15840
2018,1,29,nc,US,1034547,342739,382318,226871
2018,1,29,nd,US,69386,24055,25126,15092
2018,1,29,ne,US,210169,71027,78979,46980
2018,1,29,nh,US,101687,35478,39169,22808
2018,1,29,nj,US,891672,301071,326350,187589
2018,1,29,nm,US,129363,46009,43391,27278
2018,1,29,nv,US,363231,105415,92121,58882
2018,1,29,ny,US,1833851,616702,580861,351566
2018,1,29,oh,US,1056393,356215,402867,237159
2018,1,29,ok,US,516782,170614,183424,110496
2018,1,29,or,US,322278,108622,104895,68682
2018,1,29,pa,US,1060324,365038,380523,226537
2018,1,29,pr,US,81398,33907,35003,21074
2018,1,29,ri,US,85511,30652,30348,17747
2018,1,29,sc,US,488053,159917,179585,103521
2018,1,29,sd,US,68680,23144,24894,14852
2018,1,29,tn,US,710128,224885,246095,144718
2018,1,29,tx,US,3540419,1066371,1138214,675014
2018,1,29,ut,US,275446,85615,94049,55469
2018,1,29,va,US,789361,265869,278446,166051
2018,1,29,vi,US,393,213,0,0
2018,1,29,vt,US,37643,13741,13552,8229
2018,1,29,wa,US,614562,222774,201995,134733
2018,1,29,wi,US,488229,174245,192760,118213
2018,1,29,wv,US,138173,53299,54174,33756
2018,1,29,wy,US,39967,14039,13984,8582
2018,1,30,ALL,"",34357215,11006379,11388636,7065000
2018,1,30,ALL_CA,CA,1,1,1,1
2018,1,30,ALL_US,US,34357214,11006378,11388635,7064999
2018,1,30,ak,US,48637,17972,15761,10922
2018,1,30,al,US,633744,207347,223382,138121
2018,1,30,ar,US,357067,114624,123480,74877
2018,1,30,as,US,50,33,43,31
2018,1,30,az,US,678556,212720,210905,132171
2018,1,30,bc,CA,1,1,1,1
2018,1,30,ca,US,4166335,1225792,1189594,753173
2018,1,30,co,US,556179,178342,173862,109768
2018,1,30,ct,US,275754,99411,102099,62457
2018,1,30,dc,US,224132,77764,37004,24310
2018,1,30,de,US,80569,30377,28787,17989
2018,1,30,fl,US,3238858,1017594,958327,595978
2018,1,30,ga,US,1271617,390907,421636,253064
2018,1,30,gu,US,4792,2021,2229,1404
2018,1,30,hi,US,143094,41772,34094,22971
2018,1,30,ia,US,308424,108272,117650,72675
2018,1,30,id,US,131767,45497,47783,29735
2018,1,30,il,US,1245035,414035,432443,265958
2018,1,30,in,US,624875,214326,232623,141878
2018,1,30,ks,US,351552,121712,132009,81270
2018,1,30,ky,US,415112,144642,150792,93772
2018,1,30,la,US,552649,181784,187200,116116
2018,1,30,ma,US,530047,193165,177002,110328
2018,1,30,md,US,590182,207852,198220,123204
2018,1,30,me,US,77153,29569,30866,19737
2018,1,30,mi,US,924600,320825,354584,217911
2018,1,30,mn,US,499505,170161,178468,112700
2018,1,30,mo,US,658572,221727,235932,144609
2018,1,30,mp,US,444,276,433,275
2018,1,30,ms,US,320049,103936,108585,66437
2018,1,30,mt,US,74491,26306,26665,17422
2018,1,30,nc,US,1063820,359154,392329,241787
2018,1,30,nd,US,73673,26425,26913,16961
2018,1,30,ne,US,225635,78769,85503,52850
2018,1,30,nh,US,104609,37167,40457,24186
2018,1,30,nj,US,896110,310173,328057,193475
2018,1,30,nm,US,136734,49495,45482,29342
2018,1,30,nv,US,368836,107706,93379,60264
2018,1,30,ny,US,1843045,636955,579644,361887
2018,1,30,oh,US,1097091,375671,411461,251670
2018,1,30,ok,US,542234,183072,189741,118582
2018,1,30,or,US,332983,109171,105773,68440
2018,1,30,pa,US,1047138,379898,382443,238497
2018,1,30,pr,US,75803,30988,31351,19194
2018,1,30,ri,US,79798,31068,29232,18388
2018,1,30,sc,US,506315,168640,184524,110851
2018,1,30,sd,US,73657,25984,27102,17147
2018,1,30,tn,US,733382,237249,251129,154035
2018,1,30,tx,US,3698067,1137093,1183041,728735
2018,1,30,ut,US,285031,87848,96094,56521
2018,1,30,va,US,811615,276221,283168,172864
2018,1,30,vi,US,400,237,0,0
2018,1,30,vt,US,38249,14127,14023,8842
2018,1,30,wa,US,654787,230844,207615,137747
2018,1,30,wi,US,509218,186871,199175,126993
2018,1,30,wv,US,133348,54366,53785,35064
2018,1,30,wy,US,41795,15217,14756,9414
2018,1,31,ALL,"",35454469,10802076,11420162,6927918
2018,1,31,ALL_CA,CA,1,1,1,1
2018,1,31,ALL_US,US,35454468,10802075,11420161,6927917
2018,1,31,ak,US,47351,16897,14955,10274
2018,1,31,al,US,649264,201540,223515,134679
2018,1,31,ar,US,371098,113708,124892,73791
2018,1,31,as,US,48,32,38,28
2018,1,31,az,US,695804,208178,212256,129464
2018,1,31,bc,CA,1,1,1,1
2018,1,31,ca,US,4139285,1185526,1172613,730396
2018,1,31,co,US,568732,175630,174191,108269
2018,1,31,ct,US,299776,98897,104161,61155
2018,1,31,dc,US,226889,77608,36913,24055
2018,1,31,de,US,85086,30248,28733,17557
2018,1,31,fl,US,3394402,1003110,967183,586616
2018,1,31,ga,US,1331767,390105,422821,249757
2018,1,31,gu,US,4932,2051,2243,1406
2018,1,31,hi,US,143363,41010,33949,22301
2018,1,31,ia,US,316945,107435,120140,71883
2018,1,31,id,US,132560,44612,47234,28973
2018,1,31,il,US,1277662,407090,434113,260818
2018,1,31,in,US,655248,213996,235209,140585
2018,1,31,ks,US,368400,121850,134144,79872
2018,1,31,ky,US,430654,145617,151194,92222
2018,1,31,la,US,579987,180313,187717,114184
2018,1,31,ma,US,570206,192048,180282,108747
2018,1,31,md,US,609670,204767,196600,120452
2018,1,31,me,US,78720,28234,30235,18746
2018,1,31,mi,US,942902,311123,352927,212332
2018,1,31,mn,US,527442,170831,181802,111875
2018,1,31,mo,US,687900,220396,238496,142221
2018,1,31,mp,US,454,280,444,278
2018,1,31,ms,US,336752,103972,109815,65417
2018,1,31,mt,US,76404,26056,26906,17139
2018,1,31,nc,US,1118291,358154,393863,236975
2018,1,31,nd,US,77577,27162,27969,17077
2018,1,31,ne,US,230968,77256,84466,51205
2018,1,31,nh,US,108157,37488,40468,24023
2018,1,31,nj,US,915047,302723,325598,189273
2018,1,31,nm,US,139709,48599,45775,28707
2018,1,31,nv,US,368128,103691,92094,58375
2018,1,31,ny,US,1882341,620334,575828,352410
2018,1,31,oh,US,1138676,370522,414574,247296
2018,1,31,ok,US,559965,180788,191137,116364
2018,1,31,or,US,331270,105726,103749,66284
2018,1,31,pa,US,1109089,376170,385876,234270
2018,1,31,pr,US,83870,34817,34714,21168
2018,1,31,ri,US,89015,31092,29775,17720
2018,1,31,sc,US,526202,167670,184261,108859
2018,1,31,sd,US,78089,26220,27777,17063
2018,1,31,tn,US,765507,236297,253640,151922
2018,1,31,tx,US,3855296,1117716,1195525,717455
2018,1,31,ut,US,285388,86080,95886,55429
2018,1,31,va,US,853690,276918,284845,170618
2018,1,31,vi,US,452,253,0,0
2018,1,31,vt,US,39156,14306,14192,8832
2018,1,31,wa,US,646755,220289,204973,133999
2018,1,31,wi,US,516586,182422,199356,124467
2018,1,31,wv,US,142181,53493,52996,33251
2018,1,31,wy,US,43360,15415,15103,9383
